group_id,group_start_time,group_end_time,group_duration_seconds,raw_detections_in_group,seconds_since_previous_group,first_video_in_group,last_video_in_group
1,2026-06-18 22:11:06.834444444,2026-06-18 22:11:22.268888889,15.434444445,1,,cortexvpu-01a-005-41884872_2026-06-18_21-10-34_935489.ts,cortexvpu-01a-005-41884872_2026-06-18_21-10-34_935489.ts
2,2026-06-18 22:14:30.294444444,2026-06-18 22:14:51.593333333,21.298888889,1,188.025555555,cortexvpu-01a-005-41884872_2026-06-18_21-14-05_784690.ts,cortexvpu-01a-005-41884872_2026-06-18_21-14-05_784690.ts
3,2026-06-18 22:15:18.062222222,2026-06-18 22:15:21.542222222,3.48,1,26.468888889,cortexvpu-01a-005-41884872_2026-06-18_21-15-16_657976.ts,cortexvpu-01a-005-41884872_2026-06-18_21-15-16_657976.ts
4,2026-06-18 23:30:55.811111111,2026-06-18 23:31:00.870000000,5.058888889,1,4534.268888889,cortexvpu-01a-005-41884872_2026-06-18_22-30-02_160727.ts,cortexvpu-01a-005-41884872_2026-06-18_22-30-02_160727.ts
5,2026-06-18 23:35:02.336666667,2026-06-18 23:35:04.495555556,2.158888889,1,241.466666667,cortexvpu-01a-005-41884872_2026-06-18_22-34-46_237795.ts,cortexvpu-01a-005-41884872_2026-06-18_22-34-46_237795.ts
6,2026-06-18 23:56:53.727777778,2026-06-18 23:57:11.611111111,17.883333333,1,1309.232222222,cortexvpu-01a-005-41884872_2026-06-18_22-56-41_282659.ts,cortexvpu-01a-005-41884872_2026-06-18_22-56-41_282659.ts
7,2026-06-19 00:00:16.062222222,2026-06-19 00:00:26.276666667,10.214444445,1,184.451111111,cortexvpu-01a-005-41884872_2026-06-18_23-00-14_426498.ts,cortexvpu-01a-005-41884872_2026-06-18_23-00-14_426498.ts
8,2026-06-19 00:08:20.996666667,2026-06-19 00:08:27.022222222,6.025555555,1,474.72,cortexvpu-01a-005-41884872_2026-06-18_23-07-20_425921.ts,cortexvpu-01a-005-41884872_2026-06-18_23-07-20_425921.ts
9,2026-06-19 00:08:33.416666667,2026-06-19 00:08:37.476666667,4.06,1,6.394444445,cortexvpu-01a-005-41884872_2026-06-18_23-08-31_404536.ts,cortexvpu-01a-005-41884872_2026-06-18_23-08-31_404536.ts
10,2026-06-19 00:16:35.061111111,2026-06-19 00:16:37.058888889,1.997777778,1,477.584444444,cortexvpu-01a-005-41884872_2026-06-18_23-16-32_638711.ts,cortexvpu-01a-005-41884872_2026-06-18_23-16-32_638711.ts
11,2026-06-19 00:16:37.094444444,2026-06-19 00:16:38.995555556,1.901111112,1,0.035555555,cortexvpu-01a-005-41884872_2026-06-18_23-16-35_645167.ts,cortexvpu-01a-005-41884872_2026-06-18_23-16-35_645167.ts
12,2026-06-19 00:17:37.098888889,2026-06-19 00:17:50.922222222,13.823333333,1,58.103333333,cortexvpu-01a-005-41884872_2026-06-18_23-16-41_666667.ts,cortexvpu-01a-005-41884872_2026-06-18_23-16-41_666667.ts
13,2026-06-19 00:17:52.062222222,2026-06-19 00:17:53.157777778,1.095555556,1,1.14,cortexvpu-01a-005-41884872_2026-06-18_23-17-50_223750.ts,cortexvpu-01a-005-41884872_2026-06-18_23-17-50_223750.ts
14,2026-06-19 02:37:53.138888889,2026-06-19 02:38:04.481111111,11.342222222,1,8399.981111111,cortexvpu-01a-005-41884872_2026-06-19_01-37-33_184857.ts,cortexvpu-01a-005-41884872_2026-06-19_01-37-33_184857.ts
15,2026-06-19 03:13:30.594444444,2026-06-19 03:13:51.506666666,20.912222222,1,2126.113333333,cortexvpu-01a-005-41884872_2026-06-19_02-12-45_376470.ts,cortexvpu-01a-005-41884872_2026-06-19_02-12-45_376470.ts
16,2026-06-19 03:13:57.063333333,2026-06-19 03:14:13.980000000,16.916666667,1,5.556666667,cortexvpu-01a-005-41884872_2026-06-19_02-13-56_339659.ts,cortexvpu-01a-005-41884872_2026-06-19_02-13-56_339659.ts
17,2026-06-19 03:15:19.381111111,2026-06-19 03:15:21.088888889,1.707777778,1,65.401111111,cortexvpu-01a-005-41884872_2026-06-19_02-15-14_651611.ts,cortexvpu-01a-005-41884872_2026-06-19_02-15-14_651611.ts
18,2026-06-19 03:15:34.093333333,2026-06-19 03:15:36.703333333,2.61,1,13.004444444,cortexvpu-01a-005-41884872_2026-06-19_02-15-31_651611.ts,cortexvpu-01a-005-41884872_2026-06-19_02-15-31_651611.ts
19,2026-06-19 03:15:45.062222222,2026-06-19 03:15:48.703333333,3.641111111,1,8.358888889,cortexvpu-01a-005-41884872_2026-06-19_02-15-43_658067.ts,cortexvpu-01a-005-41884872_2026-06-19_02-15-43_658067.ts
20,2026-06-19 03:16:22.091111111,2026-06-19 03:16:26.602222222,4.511111111,1,33.387777778,cortexvpu-01a-005-41884872_2026-06-19_02-16-17_658067.ts,cortexvpu-01a-005-41884872_2026-06-19_02-16-17_658067.ts
21,2026-06-19 03:17:39.064444444,2026-06-19 03:17:41.996666667,2.932222223,1,72.462222222,cortexvpu-01a-005-41884872_2026-06-19_02-17-39_896778.ts,cortexvpu-01a-005-41884872_2026-06-19_02-17-39_896778.ts
22,2026-06-19 03:18:18.114444444,2026-06-19 03:18:22.657777778,4.543333334,1,36.117777777,cortexvpu-01a-005-41884872_2026-06-19_02-18-05_664511.ts,cortexvpu-01a-005-41884872_2026-06-19_02-18-05_664511.ts
23,2026-06-19 03:25:13.060000000,2026-06-19 03:25:18.215555556,5.155555556,1,410.402222222,cortexvpu-01a-005-41884872_2026-06-19_02-25-09_523403.ts,cortexvpu-01a-005-41884872_2026-06-19_02-25-09_523403.ts
24,2026-06-19 03:26:22.610000000,2026-06-19 03:26:25.703333333,3.093333333,1,64.394444444,cortexvpu-01a-005-41884872_2026-06-19_02-26-20_390324.ts,cortexvpu-01a-005-41884872_2026-06-19_02-26-20_390324.ts
25,2026-06-19 03:26:27.062222222,2026-06-19 03:26:29.994444444,2.932222222,1,1.358888889,cortexvpu-01a-005-41884872_2026-06-19_02-26-25_716133.ts,cortexvpu-01a-005-41884872_2026-06-19_02-26-25_716133.ts
26,2026-06-19 03:27:37.093333333,2026-06-19 03:27:44.375555556,7.282222223,1,67.098888889,cortexvpu-01a-005-41884872_2026-06-19_02-27-34_409488.ts,cortexvpu-01a-005-41884872_2026-06-19_02-27-34_409488.ts
27,2026-06-19 03:28:48.061111111,2026-06-19 03:28:49.092222222,1.031111111,1,63.685555555,cortexvpu-01a-005-41884872_2026-06-19_02-28-45_481007.ts,cortexvpu-01a-005-41884872_2026-06-19_02-28-45_481007.ts
28,2026-06-19 03:29:55.063333333,2026-06-19 03:29:56.416666667,1.353333334,1,65.971111111,cortexvpu-01a-005-41884872_2026-06-19_02-29-54_735489.ts,cortexvpu-01a-005-41884872_2026-06-19_02-29-54_735489.ts
29,2026-06-19 03:31:49.432222222,2026-06-19 03:32:02.933333333,13.501111111,1,113.015555555,cortexvpu-01a-005-41884872_2026-06-19_02-31-03_489790.ts,cortexvpu-01a-005-41884872_2026-06-19_02-31-03_489790.ts
30,2026-06-19 03:32:19.864444444,2026-06-19 03:32:21.411111111,1.546666667,1,16.931111111,cortexvpu-01a-005-41884872_2026-06-19_02-32-14_441377.ts,cortexvpu-01a-005-41884872_2026-06-19_02-32-14_441377.ts
31,2026-06-19 03:37:45.667777778,2026-06-19 03:37:50.662222222,4.994444444,1,324.256666667,cortexvpu-01a-005-41884872_2026-06-19_02-36-39_544404.ts,cortexvpu-01a-005-41884872_2026-06-19_02-36-39_544404.ts
32,2026-06-19 03:37:53.061111111,2026-06-19 03:37:55.220000000,2.158888889,1,2.398888889,cortexvpu-01a-005-41884872_2026-06-19_02-37-50_509624.ts,cortexvpu-01a-005-41884872_2026-06-19_02-37-50_509624.ts
33,2026-06-19 03:43:47.243333333,2026-06-19 03:43:47.694444444,0.451111111,1,352.023333333,cortexvpu-01a-005-41884872_2026-06-19_02-42-36_499681.ts,cortexvpu-01a-005-41884872_2026-06-19_02-42-36_499681.ts
34,2026-06-19 03:43:50.834444444,2026-06-19 03:43:52.703333333,1.868888889,1,3.14,cortexvpu-01a-005-41884872_2026-06-19_02-43-47_579287.ts,cortexvpu-01a-005-41884872_2026-06-19_02-43-47_579287.ts
35,2026-06-19 03:48:05.530000000,2026-06-19 03:48:13.875555556,8.345555556,1,252.826666667,cortexvpu-01a-005-41884872_2026-06-19_02-47-20_692052.ts,cortexvpu-01a-005-41884872_2026-06-19_02-47-20_692052.ts
36,2026-06-19 03:48:35.640000000,2026-06-19 03:48:36.961111111,1.321111111,1,21.764444444,cortexvpu-01a-005-41884872_2026-06-19_02-48-31_422348.ts,cortexvpu-01a-005-41884872_2026-06-19_02-48-31_422348.ts
37,2026-06-19 03:53:51.604444444,2026-06-19 03:54:06.265555556,14.661111112,1,314.643333333,cortexvpu-01a-005-41884872_2026-06-19_02-53-44_674871.ts,cortexvpu-01a-005-41884872_2026-06-19_02-53-44_674871.ts
38,2026-06-19 03:54:59.511111110,2026-06-19 03:55:00.928888889,1.417777779,1,53.245555554,cortexvpu-01a-005-41884872_2026-06-19_02-54-55_103222.ts,cortexvpu-01a-005-41884872_2026-06-19_02-54-55_103222.ts
39,2026-06-19 03:56:06.061111111,2026-06-19 03:56:07.575555556,1.514444445,1,65.132222222,cortexvpu-01a-005-41884872_2026-06-19_02-56-03_603205.ts,cortexvpu-01a-005-41884872_2026-06-19_02-56-03_603205.ts
40,2026-06-19 03:57:20.057777778,2026-06-19 03:57:26.566666667,6.508888889,1,72.482222222,cortexvpu-01a-005-41884872_2026-06-19_02-57-14_444881.ts,cortexvpu-01a-005-41884872_2026-06-19_02-57-14_444881.ts
41,2026-06-19 04:05:01.188888889,2026-06-19 04:05:14.593333333,13.404444444,1,454.622222222,cortexvpu-01a-005-41884872_2026-06-19_03-04-57_791037.ts,cortexvpu-01a-005-41884872_2026-06-19_03-04-57_791037.ts
42,2026-06-19 04:10:04.038888889,2026-06-19 04:10:17.282222222,13.243333333,1,289.445555556,cortexvpu-01a-005-41884872_2026-06-19_03-09-41_754057.ts,cortexvpu-01a-005-41884872_2026-06-19_03-09-41_754057.ts
43,2026-06-19 04:13:16.706666667,2026-06-19 04:13:25.954444444,9.247777777,1,179.424444445,cortexvpu-01a-005-41884872_2026-06-19_03-13-14_762454.ts,cortexvpu-01a-005-41884872_2026-06-19_03-13-14_762454.ts
44,2026-06-19 04:17:46.385555556,2026-06-19 04:17:56.857777778,10.472222222,1,260.431111112,cortexvpu-01a-005-41884872_2026-06-19_03-16-47_834679.ts,cortexvpu-01a-005-41884872_2026-06-19_03-16-47_834679.ts
45,2026-06-19 04:18:00.062222222,2026-06-19 04:18:01.995555556,1.933333334,1,3.204444444,cortexvpu-01a-005-41884872_2026-06-19_03-17-58_751527.ts,cortexvpu-01a-005-41884872_2026-06-19_03-17-58_751527.ts
46,2026-06-19 04:19:11.062222222,2026-06-19 04:19:16.475555556,5.413333334,1,69.066666666,cortexvpu-01a-005-41884872_2026-06-19_03-19-09_569304.ts,cortexvpu-01a-005-41884872_2026-06-19_03-19-09_569304.ts
47,2026-06-19 04:19:19.062222222,2026-06-19 04:19:28.475555556,9.413333334,2,2.586666666,cortexvpu-01a-005-41884872_2026-06-19_03-19-17_245167.ts,cortexvpu-01a-005-41884872_2026-06-19_03-19-21_245167.ts
48,2026-06-19 04:20:04.025555556,2026-06-19 04:20:05.765555556,1.74,1,35.55,cortexvpu-01a-005-41884872_2026-06-19_03-19-58_012900.ts,cortexvpu-01a-005-41884872_2026-06-19_03-19-58_012900.ts
49,2026-06-19 04:39:06.007777778,2026-06-19 04:39:09.745555556,3.737777778,1,1140.242222222,cortexvpu-01a-005-41884872_2026-06-19_03-38-15_886285.ts,cortexvpu-01a-005-41884872_2026-06-19_03-38-15_886285.ts
50,2026-06-19 04:51:18.187777778,2026-06-19 04:51:25.083333333,6.895555555,1,728.442222222,cortexvpu-01a-005-41884872_2026-06-19_03-50-44_016667.ts,cortexvpu-01a-005-41884872_2026-06-19_03-50-44_016667.ts
51,2026-06-19 04:53:16.050000000,2026-06-19 04:53:22.268888889,6.218888889,1,110.966666667,cortexvpu-01a-005-41884872_2026-06-19_03-53-03_022603.ts,cortexvpu-01a-005-41884872_2026-06-19_03-53-03_022603.ts
52,2026-06-19 04:54:14.063333333,2026-06-19 04:54:15.996666667,1.933333334,1,51.794444444,cortexvpu-01a-005-41884872_2026-06-19_03-54-13_948410.ts,cortexvpu-01a-005-41884872_2026-06-19_03-54-13_948410.ts
53,2026-06-19 04:57:16.374444444,2026-06-19 04:57:18.920000000,2.545555556,1,180.377777777,cortexvpu-01a-005-41884872_2026-06-19_03-56-36_074722.ts,cortexvpu-01a-005-41884872_2026-06-19_03-56-36_074722.ts
54,2026-06-19 04:57:49.222222222,2026-06-19 04:57:51.123333333,1.901111111,1,30.302222222,cortexvpu-01a-005-41884872_2026-06-19_03-57-46_926933.ts,cortexvpu-01a-005-41884872_2026-06-19_03-57-46_926933.ts
55,2026-06-19 04:59:00.254444444,2026-06-19 04:59:10.501111111,10.246666667,1,69.131111111,cortexvpu-01a-005-41884872_2026-06-19_03-58-57_887073.ts,cortexvpu-01a-005-41884872_2026-06-19_03-58-57_887073.ts
56,2026-06-19 05:00:10.094444444,2026-06-19 05:00:12.833333333,2.738888889,1,59.593333333,cortexvpu-01a-005-41884872_2026-06-19_04-00-08_903360.ts,cortexvpu-01a-005-41884872_2026-06-19_04-00-08_903360.ts
57,2026-06-19 05:01:34.370000000,2026-06-19 05:01:44.906666667,10.536666667,1,81.536666667,cortexvpu-01a-005-41884872_2026-06-19_04-01-19_821038.ts,cortexvpu-01a-005-41884872_2026-06-19_04-01-19_821038.ts
58,2026-06-19 05:03:41.662222222,2026-06-19 05:03:41.694444444,0.032222222,1,116.755555555,cortexvpu-01a-005-41884872_2026-06-19_04-02-30_970241.ts,cortexvpu-01a-005-41884872_2026-06-19_04-02-30_970241.ts
59,2026-06-19 05:03:44.835555556,2026-06-19 05:03:46.027777778,1.192222222,1,3.141111112,cortexvpu-01a-005-41884872_2026-06-19_04-03-42_018463.ts,cortexvpu-01a-005-41884872_2026-06-19_04-03-42_018463.ts
60,2026-06-19 05:04:51.062222222,2026-06-19 05:04:55.895555556,4.833333334,1,65.034444444,cortexvpu-01a-005-41884872_2026-06-19_04-04-49_264511.ts,cortexvpu-01a-005-41884872_2026-06-19_04-04-49_264511.ts
61,2026-06-19 05:06:02.123333333,2026-06-19 05:06:09.631111111,7.507777778,1,66.227777777,cortexvpu-01a-005-41884872_2026-06-19_04-05-57_935676.ts,cortexvpu-01a-005-41884872_2026-06-19_04-05-57_935676.ts
62,2026-06-19 05:08:11.188888889,2026-06-19 05:08:20.501111110,9.312222221,2,121.557777778,cortexvpu-01a-005-41884872_2026-06-19_04-07-09_050920.ts,cortexvpu-01a-005-41884872_2026-06-19_04-08-19_878715.ts
63,2026-06-19 05:11:17.251111111,2026-06-19 05:11:21.633333333,4.382222222,1,176.750000001,cortexvpu-01a-005-41884872_2026-06-19_04-10-42_180428.ts,cortexvpu-01a-005-41884872_2026-06-19_04-10-42_180428.ts
64,2026-06-19 05:14:33.624444444,2026-06-19 05:14:49.864444444,16.24,1,191.991111111,cortexvpu-01a-005-41884872_2026-06-19_04-14-15_009330.ts,cortexvpu-01a-005-41884872_2026-06-19_04-14-15_009330.ts
65,2026-06-19 05:30:04.527777778,2026-06-19 05:30:12.937777778,8.41,1,914.663333334,cortexvpu-01a-005-41884872_2026-06-19_04-29-17_198079.ts,cortexvpu-01a-005-41884872_2026-06-19_04-29-17_198079.ts
66,2026-06-19 05:37:42.055555556,2026-06-19 05:37:48.822222222,6.766666666,1,449.117777778,cortexvpu-01a-005-41884872_2026-06-19_04-37-34_180410.ts,cortexvpu-01a-005-41884872_2026-06-19_04-37-34_180410.ts
67,2026-06-19 05:43:57.516666666,2026-06-19 05:44:02.962222222,5.445555556,1,368.694444444,cortexvpu-01a-005-41884872_2026-06-19_04-43-29_313721.ts,cortexvpu-01a-005-41884872_2026-06-19_04-43-29_313721.ts
68,2026-06-19 05:52:53.062222222,2026-06-19 05:53:08.722222222,15.66,1,530.1,cortexvpu-01a-005-41884872_2026-06-19_04-52-51_392940.ts,cortexvpu-01a-005-41884872_2026-06-19_04-52-51_392940.ts
69,2026-06-19 05:54:04.062222222,2026-06-19 05:54:05.512222222,1.45,1,55.34,cortexvpu-01a-005-41884872_2026-06-19_04-54-02_279615.ts,cortexvpu-01a-005-41884872_2026-06-19_04-54-02_279615.ts
70,2026-06-19 05:56:42.141111111,2026-06-19 05:56:55.964444444,13.823333333,1,156.628888889,cortexvpu-01a-005-41884872_2026-06-19_04-56-24_384143.ts,cortexvpu-01a-005-41884872_2026-06-19_04-56-24_384143.ts
71,2026-06-19 05:57:37.610000000,2026-06-19 05:57:40.896666667,3.286666667,1,41.645555556,cortexvpu-01a-005-41884872_2026-06-19_04-57-35_231550.ts,cortexvpu-01a-005-41884872_2026-06-19_04-57-35_231550.ts
72,2026-06-19 06:06:35.997777778,2026-06-19 06:06:42.571111111,6.573333333,1,535.101111111,cortexvpu-01a-005-41884872_2026-06-19_05-05-36_382241.ts,cortexvpu-01a-005-41884872_2026-06-19_05-05-36_382241.ts
73,2026-06-19 06:06:49.062222222,2026-06-19 06:06:56.183333333,7.121111111,1,6.491111111,cortexvpu-01a-005-41884872_2026-06-19_05-06-47_285429.ts,cortexvpu-01a-005-41884872_2026-06-19_05-06-47_285429.ts
74,2026-06-19 06:15:58.665555556,2026-06-19 06:16:01.758888889,3.093333333,1,542.482222223,cortexvpu-01a-005-41884872_2026-06-19_05-14-50_651611.ts,cortexvpu-01a-005-41884872_2026-06-19_05-14-50_651611.ts
75,2026-06-19 06:16:02.061111111,2026-06-19 06:16:11.115555556,9.054444445,1,0.302222222,cortexvpu-01a-005-41884872_2026-06-19_05-15-59_505174.ts,cortexvpu-01a-005-41884872_2026-06-19_05-15-59_505174.ts
76,2026-06-19 06:17:46.411111111,2026-06-19 06:17:51.953333333,5.542222222,1,95.295555555,cortexvpu-01a-005-41884872_2026-06-19_05-17-10_371736.ts,cortexvpu-01a-005-41884872_2026-06-19_05-17-10_371736.ts
77,2026-06-19 06:22:12.527777778,2026-06-19 06:22:20.486666667,7.958888889,1,260.574444445,cortexvpu-01a-005-41884872_2026-06-19_05-21-54_544660.ts,cortexvpu-01a-005-41884872_2026-06-19_05-21-54_544660.ts
78,2026-06-19 06:24:30.822222222,2026-06-19 06:24:41.938888889,11.116666667,1,130.335555555,cortexvpu-01a-005-41884872_2026-06-19_05-24-16_532165.ts,cortexvpu-01a-005-41884872_2026-06-19_05-24-16_532165.ts
79,2026-06-19 06:28:42.295555556,2026-06-19 06:28:52.155555556,9.86,1,240.356666667,cortexvpu-01a-005-41884872_2026-06-19_05-27-49_556459.ts,cortexvpu-01a-005-41884872_2026-06-19_05-27-49_556459.ts
80,2026-06-19 06:29:04.060000000,2026-06-19 06:29:05.993333333,1.933333333,1,11.904444444,cortexvpu-01a-005-41884872_2026-06-19_05-29-00_883909.ts,cortexvpu-01a-005-41884872_2026-06-19_05-29-00_883909.ts
81,2026-06-19 06:31:09.557777778,2026-06-19 06:31:17.903333333,8.345555555,1,123.564444445,cortexvpu-01a-005-41884872_2026-06-19_05-30-20_025811.ts,cortexvpu-01a-005-41884872_2026-06-19_05-30-20_025811.ts
82,2026-06-19 06:31:29.288888889,2026-06-19 06:31:30.932222222,1.643333333,1,11.385555556,cortexvpu-01a-005-41884872_2026-06-19_05-31-28_413875.ts,cortexvpu-01a-005-41884872_2026-06-19_05-31-28_413875.ts
83,2026-06-19 06:31:31.288888889,2026-06-19 06:31:34.865555556,3.576666667,1,0.356666667,cortexvpu-01a-005-41884872_2026-06-19_05-31-30_748389.ts,cortexvpu-01a-005-41884872_2026-06-19_05-31-30_748389.ts
84,2026-06-19 06:39:52.388888889,2026-06-19 06:39:57.576666667,5.187777778,1,497.523333333,cortexvpu-01a-005-41884872_2026-06-19_05-38-56_582628.ts,cortexvpu-01a-005-41884872_2026-06-19_05-38-56_582628.ts
85,2026-06-19 06:40:09.062222222,2026-06-19 06:40:10.383333333,1.321111111,1,11.485555555,cortexvpu-01a-005-41884872_2026-06-19_05-40-07_614492.ts,cortexvpu-01a-005-41884872_2026-06-19_05-40-07_614492.ts
86,2026-06-19 07:26:42.051111111,2026-06-19 07:27:05.380000000,23.328888889,1,2791.667777778,cortexvpu-01a-005-41884872_2026-06-19_06-26-30_058067.ts,cortexvpu-01a-005-41884872_2026-06-19_06-26-30_058067.ts
87,2026-06-19 07:27:19.032222222,2026-06-19 07:27:20.031111111,0.998888889,1,13.652222222,cortexvpu-01a-005-41884872_2026-06-19_06-27-19_064511.ts,cortexvpu-01a-005-41884872_2026-06-19_06-27-19_064511.ts
88,2026-06-19 07:45:10.194444444,2026-06-19 07:45:19.120000000,8.925555556,1,1070.163333333,cortexvpu-01a-005-41884872_2026-06-19_06-44-13_891712.ts,cortexvpu-01a-005-41884872_2026-06-19_06-44-13_891712.ts
89,2026-06-19 07:45:24.032222222,2026-06-19 07:45:25.031111111,0.998888889,1,4.912222222,cortexvpu-01a-005-41884872_2026-06-19_06-45-24_976221.ts,cortexvpu-01a-005-41884872_2026-06-19_06-45-24_976221.ts
90,2026-06-19 08:06:22.560000000,2026-06-19 08:06:43.407777778,20.847777778,1,1257.528888889,cortexvpu-01a-005-41884872_2026-06-19_07-05-35_283867.ts,cortexvpu-01a-005-41884872_2026-06-19_07-05-35_283867.ts
91,2026-06-19 08:08:08.050000000,2026-06-19 08:08:18.908888889,10.858888889,1,84.642222222,cortexvpu-01a-005-41884872_2026-06-19_07-07-55_096132.ts,cortexvpu-01a-005-41884872_2026-06-19_07-07-55_096132.ts
92,2026-06-19 08:43:40.276666667,2026-06-19 08:43:41.372222222,1.095555555,1,2121.367777778,cortexvpu-01a-005-41884872_2026-06-19_07-43-28_490322.ts,cortexvpu-01a-005-41884872_2026-06-19_07-43-28_490322.ts
93,2026-06-19 08:44:00.094444444,2026-06-19 08:44:03.320000000,3.225555556,2,18.722222222,cortexvpu-01a-005-41884872_2026-06-19_07-43-58_496778.ts,cortexvpu-01a-005-41884872_2026-06-19_07-44-01_316667.ts
94,2026-06-19 08:44:10.417777778,2026-06-19 08:44:15.734444444,5.316666666,1,7.097777778,cortexvpu-01a-005-41884872_2026-06-19_07-44-09_316667.ts,cortexvpu-01a-005-41884872_2026-06-19_07-44-09_316667.ts
95,2026-06-19 08:44:19.735555556,2026-06-19 08:44:20.992222222,1.256666666,1,4.001111112,cortexvpu-01a-005-41884872_2026-06-19_07-44-14_496778.ts,cortexvpu-01a-005-41884872_2026-06-19_07-44-14_496778.ts
96,2026-06-19 08:45:24.256666667,2026-06-19 08:45:25.352222222,1.095555555,1,63.264444445,cortexvpu-01a-005-41884872_2026-06-19_07-45-23_207232.ts,cortexvpu-01a-005-41884872_2026-06-19_07-45-23_207232.ts
97,2026-06-19 08:46:03.417777778,2026-06-19 08:46:04.964444444,1.546666666,1,38.065555556,cortexvpu-01a-005-41884872_2026-06-19_07-46-02_503222.ts,cortexvpu-01a-005-41884872_2026-06-19_07-46-02_503222.ts
98,2026-06-19 08:46:20.255555556,2026-06-19 08:46:23.832222222,3.576666666,1,15.291111112,cortexvpu-01a-005-41884872_2026-06-19_07-46-18_509678.ts,cortexvpu-01a-005-41884872_2026-06-19_07-46-18_509678.ts
99,2026-06-19 08:46:55.688888889,2026-06-19 08:46:57.171111111,1.482222222,1,31.856666667,cortexvpu-01a-005-41884872_2026-06-19_07-46-37_333333.ts,cortexvpu-01a-005-41884872_2026-06-19_07-46-37_333333.ts
100,2026-06-19 09:06:47.052222222,2026-06-19 09:06:50.242222222,3.19,1,1189.881111111,cortexvpu-01a-005-41884872_2026-06-19_08-06-36_619355.ts,cortexvpu-01a-005-41884872_2026-06-19_08-06-36_619355.ts
101,2026-06-19 09:07:06.385555556,2026-06-19 09:07:07.996666667,1.611111111,1,16.143333334,cortexvpu-01a-005-41884872_2026-06-19_08-07-05_625811.ts,cortexvpu-01a-005-41884872_2026-06-19_08-07-05_625811.ts
102,2026-06-19 09:15:11.335555556,2026-06-19 09:15:28.091111111,16.755555555,1,483.338888889,cortexvpu-01a-005-41884872_2026-06-19_08-14-25_670967.ts,cortexvpu-01a-005-41884872_2026-06-19_08-14-25_670967.ts
103,2026-06-19 09:23:47.144444444,2026-06-19 09:24:05.221111111,18.076666667,1,499.053333333,cortexvpu-01a-005-41884872_2026-06-19_08-23-03_524141.ts,cortexvpu-01a-005-41884872_2026-06-19_08-23-03_524141.ts
104,2026-06-19 09:24:16.062222222,2026-06-19 09:24:19.993333333,3.931111111,1,10.841111111,cortexvpu-01a-005-41884872_2026-06-19_08-24-14_476679.ts,cortexvpu-01a-005-41884872_2026-06-19_08-24-14_476679.ts
105,2026-06-19 09:44:11.157777778,2026-06-19 09:44:16.281111110,5.123333332,1,1191.164444445,cortexvpu-01a-005-41884872_2026-06-19_08-43-10_715128.ts,cortexvpu-01a-005-41884872_2026-06-19_08-43-10_715128.ts
106,2026-06-19 09:58:55.500000000,2026-06-19 09:59:06.916666667,11.416666667,1,879.21888889,cortexvpu-01a-005-41884872_2026-06-19_08-58-28_840269.ts,cortexvpu-01a-005-41884872_2026-06-19_08-58-28_840269.ts
107,2026-06-19 10:01:08.166666667,2026-06-19 10:01:16.000000000,7.833333333,1,121.25,cortexvpu-01a-005-41884872_2026-06-19_09-00-52_902596.ts,cortexvpu-01a-005-41884872_2026-06-19_09-00-52_902596.ts
108,2026-06-19 10:19:04.000000000,2026-06-19 10:19:09.750000000,5.75,1,1068.0,cortexvpu-01a-005-41884872_2026-06-19_09-18-59_591494.ts,cortexvpu-01a-005-41884872_2026-06-19_09-18-59_591494.ts
109,2026-06-19 10:29:19.583333333,2026-06-19 10:29:31.416666667,11.833333334,1,609.833333333,cortexvpu-01a-005-41884872_2026-06-19_09-29-14_563219.ts,cortexvpu-01a-005-41884872_2026-06-19_09-29-14_563219.ts
110,2026-06-19 10:46:31.500000000,2026-06-19 10:46:36.333333333,4.833333333,2,1020.083333333,cortexvpu-01a-005-41884872_2026-06-19_09-45-54_679689.ts,cortexvpu-01a-005-41884872_2026-06-19_09-46-35_577051.ts
111,2026-06-19 10:46:48.166666667,2026-06-19 10:46:52.333333333,4.166666666,1,11.833333334,cortexvpu-01a-005-41884872_2026-06-19_09-46-48_900000.ts,cortexvpu-01a-005-41884872_2026-06-19_09-46-48_900000.ts
112,2026-06-19 10:47:27.166666667,2026-06-19 10:47:34.416666667,7.25,1,34.833333334,cortexvpu-01a-005-41884872_2026-06-19_09-47-27_645206.ts,cortexvpu-01a-005-41884872_2026-06-19_09-47-27_645206.ts
113,2026-06-19 10:59:33.250000000,2026-06-19 10:59:46.250000000,13.0,1,718.833333333,cortexvpu-01a-005-41884872_2026-06-19_09-59-14_567153.ts,cortexvpu-01a-005-41884872_2026-06-19_09-59-14_567153.ts
114,2026-06-19 11:28:38.916666667,2026-06-19 11:28:42.916666667,4.0,1,1732.666666667,cortexvpu-01a-005-41884872_2026-06-19_10-26-59_681586.ts,cortexvpu-01a-005-41884872_2026-06-19_10-26-59_681586.ts
115,2026-06-19 11:28:56.916666667,2026-06-19 11:28:59.833333333,2.916666666,1,14.0,cortexvpu-01a-005-41884872_2026-06-19_10-28-55_633641.ts,cortexvpu-01a-005-41884872_2026-06-19_10-28-55_633641.ts
116,2026-06-19 11:39:34.916666667,2026-06-19 11:39:39.666666667,4.75,1,635.083333334,cortexvpu-01a-005-41884872_2026-06-19_10-38-35_581824.ts,cortexvpu-01a-005-41884872_2026-06-19_10-38-35_581824.ts
117,2026-06-19 11:48:11.250000000,2026-06-19 11:48:16.500000000,5.25,1,511.583333333,cortexvpu-01a-005-41884872_2026-06-19_10-46-59_672629.ts,cortexvpu-01a-005-41884872_2026-06-19_10-46-59_672629.ts
118,2026-06-19 12:00:22.666666667,2026-06-19 12:00:24.833333333,2.166666666,1,726.166666667,cortexvpu-01a-005-41884872_2026-06-19_10-59-43_033333.ts,cortexvpu-01a-005-41884872_2026-06-19_10-59-43_033333.ts
119,2026-06-19 12:03:11.750000000,2026-06-19 12:03:47.166666667,35.416666667,1,166.916666667,cortexvpu-01a-005-41884872_2026-06-19_11-02-58_900000.ts,cortexvpu-01a-005-41884872_2026-06-19_11-02-58_900000.ts
120,2026-06-19 12:04:20.166666667,2026-06-19 12:04:32.916666667,12.75,1,33.0,cortexvpu-01a-005-41884872_2026-06-19_11-04-03_900000.ts,cortexvpu-01a-005-41884872_2026-06-19_11-04-03_900000.ts
121,2026-06-19 12:05:24.250000000,2026-06-19 12:05:26.666666667,2.416666667,1,51.333333333,cortexvpu-01a-005-41884872_2026-06-19_11-05-24_900000.ts,cortexvpu-01a-005-41884872_2026-06-19_11-05-24_900000.ts
122,2026-06-19 12:05:40.166666667,2026-06-19 12:05:41.833333333,1.666666666,1,13.5,cortexvpu-01a-005-41884872_2026-06-19_11-05-39_050000.ts,cortexvpu-01a-005-41884872_2026-06-19_11-05-39_050000.ts
123,2026-06-19 12:06:12.166666667,2026-06-19 12:06:14.333333333,2.166666666,1,30.333333334,cortexvpu-01a-005-41884872_2026-06-19_11-06-12_900000.ts,cortexvpu-01a-005-41884872_2026-06-19_11-06-12_900000.ts
124,2026-06-19 12:07:13.166666667,2026-06-19 12:07:15.583333333,2.416666666,1,58.833333334,cortexvpu-01a-005-41884872_2026-06-19_11-07-13_900000.ts,cortexvpu-01a-005-41884872_2026-06-19_11-07-13_900000.ts
125,2026-06-19 12:21:14.666666667,2026-06-19 12:21:18.333333333,3.666666666,1,839.083333334,cortexvpu-01a-005-41884872_2026-06-19_11-20-06_066667.ts,cortexvpu-01a-005-41884872_2026-06-19_11-20-06_066667.ts
126,2026-06-19 12:22:23.750000000,2026-06-19 12:22:25.833333333,2.083333333,1,65.416666667,cortexvpu-01a-005-41884872_2026-06-19_11-21-59_669440.ts,cortexvpu-01a-005-41884872_2026-06-19_11-21-59_669440.ts
127,2026-06-19 12:31:56.666666667,2026-06-19 12:32:04.416666667,7.75,2,570.833333334,cortexvpu-01a-005-41884872_2026-06-19_11-30-07_756523.ts,cortexvpu-01a-005-41884872_2026-06-19_11-32-03_669570.ts
128,2026-06-19 12:36:10.250000000,2026-06-19 12:36:19.666666667,9.416666667,1,245.833333333,cortexvpu-01a-005-41884872_2026-06-19_11-35-55_672958.ts,cortexvpu-01a-005-41884872_2026-06-19_11-35-55_672958.ts
129,2026-06-19 12:42:43.916666667,2026-06-19 12:43:03.000000000,19.083333333,1,384.25,cortexvpu-01a-005-41884872_2026-06-19_11-41-43_735809.ts,cortexvpu-01a-005-41884872_2026-06-19_11-41-43_735809.ts
130,2026-06-19 12:43:45.166666667,2026-06-19 12:43:47.500000000,2.333333333,1,42.166666667,cortexvpu-01a-005-41884872_2026-06-19_11-43-45_100000.ts,cortexvpu-01a-005-41884872_2026-06-19_11-43-45_100000.ts
131,2026-06-19 12:43:53.250000000,2026-06-19 12:44:04.333333333,11.083333333,3,5.75,cortexvpu-01a-005-41884872_2026-06-19_11-43-49_100000.ts,cortexvpu-01a-005-41884872_2026-06-19_11-44-00_100000.ts
132,2026-06-19 12:46:02.750000000,2026-06-19 12:46:03.916666667,1.166666667,1,118.416666667,cortexvpu-01a-005-41884872_2026-06-19_11-45-53_685450.ts,cortexvpu-01a-005-41884872_2026-06-19_11-45-53_685450.ts
133,2026-06-19 12:46:38.166666667,2026-06-19 12:46:42.250000000,4.083333333,1,34.25,cortexvpu-01a-005-41884872_2026-06-19_11-46-38_100000.ts,cortexvpu-01a-005-41884872_2026-06-19_11-46-38_100000.ts
134,2026-06-19 12:51:42.000000000,2026-06-19 12:51:52.416666667,10.416666667,1,299.75,cortexvpu-01a-005-41884872_2026-06-19_11-50-27_708894.ts,cortexvpu-01a-005-41884872_2026-06-19_11-50-27_708894.ts
135,2026-06-19 12:54:38.750000000,2026-06-19 12:54:55.500000000,16.75,1,166.333333333,cortexvpu-01a-005-41884872_2026-06-19_11-54-19_746414.ts,cortexvpu-01a-005-41884872_2026-06-19_11-54-19_746414.ts
136,2026-06-19 13:00:49.166666667,2026-06-19 13:01:00.333333333,11.166666666,1,353.666666667,cortexvpu-01a-005-41884872_2026-06-19_11-59-57_720287.ts,cortexvpu-01a-005-41884872_2026-06-19_11-59-57_720287.ts
137,2026-06-19 13:07:58.416666667,2026-06-19 13:08:05.250000000,6.833333333,1,418.083333334,cortexvpu-01a-005-41884872_2026-06-19_12-07-18_776642.ts,cortexvpu-01a-005-41884872_2026-06-19_12-07-18_776642.ts
138,2026-06-19 13:09:37.750000000,2026-06-19 13:09:52.250000000,14.5,1,92.5,cortexvpu-01a-005-41884872_2026-06-19_12-09-14_766334.ts,cortexvpu-01a-005-41884872_2026-06-19_12-09-14_766334.ts
139,2026-06-19 13:21:15.166666667,2026-06-19 13:21:26.416666667,11.25,1,682.916666667,cortexvpu-01a-005-41884872_2026-06-19_12-20-21_699931.ts,cortexvpu-01a-005-41884872_2026-06-19_12-20-21_699931.ts
140,2026-06-19 13:22:17.166666667,2026-06-19 13:22:20.916666667,3.75,1,50.75,cortexvpu-01a-005-41884872_2026-06-19_12-22-17_727490.ts,cortexvpu-01a-005-41884872_2026-06-19_12-22-17_727490.ts
141,2026-06-19 13:27:28.666666667,2026-06-19 13:27:47.250000000,18.583333333,1,307.75,cortexvpu-01a-005-41884872_2026-06-19_12-26-09_772049.ts,cortexvpu-01a-005-41884872_2026-06-19_12-26-09_772049.ts
142,2026-06-19 13:28:05.166666667,2026-06-19 13:28:08.166666667,3.0,1,17.916666667,cortexvpu-01a-005-41884872_2026-06-19_12-28-05_661644.ts,cortexvpu-01a-005-41884872_2026-06-19_12-28-05_661644.ts
143,2026-06-19 13:28:34.166666667,2026-06-19 13:28:37.916666667,3.75,1,26.0,cortexvpu-01a-005-41884872_2026-06-19_12-28-34_150000.ts,cortexvpu-01a-005-41884872_2026-06-19_12-28-34_150000.ts
144,2026-06-19 13:30:27.166666667,2026-06-19 13:30:31.916666667,4.75,1,109.25,cortexvpu-01a-005-41884872_2026-06-19_12-30-27_755517.ts,cortexvpu-01a-005-41884872_2026-06-19_12-30-27_755517.ts
145,2026-06-19 13:31:24.166666667,2026-06-19 13:31:32.333333333,8.166666666,1,52.25,cortexvpu-01a-005-41884872_2026-06-19_12-31-23_166667.ts,cortexvpu-01a-005-41884872_2026-06-19_12-31-23_166667.ts
146,2026-06-19 13:31:35.166666667,2026-06-19 13:31:37.916666667,2.75,1,2.833333334,cortexvpu-01a-005-41884872_2026-06-19_12-31-35_933333.ts,cortexvpu-01a-005-41884872_2026-06-19_12-31-35_933333.ts
147,2026-06-19 13:40:28.583333333,2026-06-19 13:40:39.083333333,10.5,1,530.666666666,cortexvpu-01a-005-41884872_2026-06-19_12-39-53_774504.ts,cortexvpu-01a-005-41884872_2026-06-19_12-39-53_774504.ts
148,2026-06-19 13:41:49.166666667,2026-06-19 13:41:52.083333333,2.916666666,1,70.083333334,cortexvpu-01a-005-41884872_2026-06-19_12-41-49_723059.ts,cortexvpu-01a-005-41884872_2026-06-19_12-41-49_723059.ts
149,2026-06-19 13:45:44.916666667,2026-06-19 13:45:50.333333333,5.416666666,1,232.833333334,cortexvpu-01a-005-41884872_2026-06-19_12-45-21_900000.ts,cortexvpu-01a-005-41884872_2026-06-19_12-45-21_900000.ts
150,2026-06-19 13:47:14.166666667,2026-06-19 13:47:15.416666667,1.25,1,83.833333334,cortexvpu-01a-005-41884872_2026-06-19_12-47-14_776702.ts,cortexvpu-01a-005-41884872_2026-06-19_12-47-14_776702.ts
151,2026-06-19 13:47:42.166666667,2026-06-19 13:47:50.916666667,8.75,1,26.75,cortexvpu-01a-005-41884872_2026-06-19_12-47-42_183333.ts,cortexvpu-01a-005-41884872_2026-06-19_12-47-42_183333.ts
152,2026-06-19 13:48:01.166666667,2026-06-19 13:48:04.166666667,3.0,1,10.25,cortexvpu-01a-005-41884872_2026-06-19_12-48-01_900000.ts,cortexvpu-01a-005-41884872_2026-06-19_12-48-01_900000.ts
153,2026-06-19 13:54:27.833333333,2026-06-19 13:54:44.500000000,16.666666667,1,383.666666666,cortexvpu-01a-005-41884872_2026-06-19_12-53-46_759612.ts,cortexvpu-01a-005-41884872_2026-06-19_12-53-46_759612.ts
154,2026-06-19 13:55:58.333333333,2026-06-19 13:56:08.916666667,10.583333334,1,73.833333333,cortexvpu-01a-005-41884872_2026-06-19_12-55-42_785232.ts,cortexvpu-01a-005-41884872_2026-06-19_12-55-42_785232.ts
155,2026-06-19 13:57:29.166666667,2026-06-19 13:57:43.083333333,13.916666666,3,80.25,cortexvpu-01a-005-41884872_2026-06-19_12-57-29_200000.ts,cortexvpu-01a-005-41884872_2026-06-19_12-57-38_200000.ts
156,2026-06-19 13:59:21.166666667,2026-06-19 13:59:26.166666667,5.0,1,98.083333334,cortexvpu-01a-005-41884872_2026-06-19_12-59-21_200000.ts,cortexvpu-01a-005-41884872_2026-06-19_12-59-21_200000.ts
157,2026-06-19 13:59:30.166666667,2026-06-19 13:59:32.000000000,1.833333333,1,4.0,cortexvpu-01a-005-41884872_2026-06-19_12-59-30_200000.ts,cortexvpu-01a-005-41884872_2026-06-19_12-59-30_200000.ts
158,2026-06-19 13:59:45.166666667,2026-06-19 13:59:50.250000000,5.083333333,2,13.166666667,cortexvpu-01a-005-41884872_2026-06-19_12-59-45_200000.ts,cortexvpu-01a-005-41884872_2026-06-19_12-59-33_200000.ts
159,2026-06-19 13:59:53.166666667,2026-06-19 13:59:56.750000000,3.583333333,1,2.916666667,cortexvpu-01a-005-41884872_2026-06-19_12-59-53_933333.ts,cortexvpu-01a-005-41884872_2026-06-19_12-59-53_933333.ts
160,2026-06-19 14:00:18.166666667,2026-06-19 14:00:21.166666667,3.0,1,21.416666667,cortexvpu-01a-005-41884872_2026-06-19_13-00-18_900000.ts,cortexvpu-01a-005-41884872_2026-06-19_13-00-18_900000.ts
161,2026-06-19 14:17:31.166666667,2026-06-19 14:17:44.166666667,13.0,1,1030.0,cortexvpu-01a-005-41884872_2026-06-19_13-17-18_821097.ts,cortexvpu-01a-005-41884872_2026-06-19_13-17-18_821097.ts
162,2026-06-19 14:18:22.166666667,2026-06-19 14:18:28.583333333,6.416666666,1,38.0,cortexvpu-01a-005-41884872_2026-06-19_13-18-22_900000.ts,cortexvpu-01a-005-41884872_2026-06-19_13-18-22_900000.ts
163,2026-06-19 14:19:05.166666667,2026-06-19 14:19:08.333333333,3.166666666,1,36.583333334,cortexvpu-01a-005-41884872_2026-06-19_13-19-05_933333.ts,cortexvpu-01a-005-41884872_2026-06-19_13-19-05_933333.ts
164,2026-06-19 14:19:51.166666667,2026-06-19 14:19:53.750000000,2.583333333,1,42.833333334,cortexvpu-01a-005-41884872_2026-06-19_13-19-51_900000.ts,cortexvpu-01a-005-41884872_2026-06-19_13-19-51_900000.ts
165,2026-06-19 14:23:38.916666667,2026-06-19 14:23:44.250000000,5.333333333,1,225.166666667,cortexvpu-01a-005-41884872_2026-06-19_13-22-18_900000.ts,cortexvpu-01a-005-41884872_2026-06-19_13-22-18_900000.ts
166,2026-06-19 14:30:39.583333333,2026-06-19 14:30:59.166666667,19.583333334,1,415.333333333,cortexvpu-01a-005-41884872_2026-06-19_13-29-59_917591.ts,cortexvpu-01a-005-41884872_2026-06-19_13-29-59_917591.ts
167,2026-06-19 14:31:51.166666667,2026-06-19 14:31:53.666666667,2.5,1,52.0,cortexvpu-01a-005-41884872_2026-06-19_13-31-51_250000.ts,cortexvpu-01a-005-41884872_2026-06-19_13-31-51_250000.ts
168,2026-06-19 14:31:58.166666667,2026-06-19 14:32:06.750000000,8.583333333,1,4.5,cortexvpu-01a-005-41884872_2026-06-19_13-31-58_250000.ts,cortexvpu-01a-005-41884872_2026-06-19_13-31-58_250000.ts
169,2026-06-19 14:32:28.166666667,2026-06-19 14:32:31.000000000,2.833333333,1,21.416666667,cortexvpu-01a-005-41884872_2026-06-19_13-32-28_900000.ts,cortexvpu-01a-005-41884872_2026-06-19_13-32-28_900000.ts
170,2026-06-19 14:36:44.583333333,2026-06-19 14:36:56.666666667,12.083333334,1,253.583333333,cortexvpu-01a-005-41884872_2026-06-19_13-36-17_823189.ts,cortexvpu-01a-005-41884872_2026-06-19_13-36-17_823189.ts
171,2026-06-19 14:38:20.250000000,2026-06-19 14:38:22.666666667,2.416666667,1,83.583333333,cortexvpu-01a-005-41884872_2026-06-19_13-38-13_859589.ts,cortexvpu-01a-005-41884872_2026-06-19_13-38-13_859589.ts
172,2026-06-19 14:39:39.166666667,2026-06-19 14:39:42.583333333,3.416666666,1,76.5,cortexvpu-01a-005-41884872_2026-06-19_13-39-39_966667.ts,cortexvpu-01a-005-41884872_2026-06-19_13-39-39_966667.ts
173,2026-06-19 14:40:06.166666667,2026-06-19 14:40:08.916666667,2.75,1,23.583333334,cortexvpu-01a-005-41884872_2026-06-19_13-40-06_250000.ts,cortexvpu-01a-005-41884872_2026-06-19_13-40-06_250000.ts
174,2026-06-19 14:52:33.833333333,2026-06-19 14:52:42.333333333,8.5,1,744.916666666,cortexvpu-01a-005-41884872_2026-06-19_13-52-19_874582.ts,cortexvpu-01a-005-41884872_2026-06-19_13-52-19_874582.ts
175,2026-06-19 14:53:32.166666667,2026-06-19 14:53:35.166666667,3.0,1,49.833333334,cortexvpu-01a-005-41884872_2026-06-19_13-53-32_900000.ts,cortexvpu-01a-005-41884872_2026-06-19_13-53-32_900000.ts
176,2026-06-19 14:56:58.666666667,2026-06-19 14:57:10.500000000,11.833333333,1,203.5,cortexvpu-01a-005-41884872_2026-06-19_13-55-25_943526.ts,cortexvpu-01a-005-41884872_2026-06-19_13-55-25_943526.ts
177,2026-06-19 14:57:21.166666667,2026-06-19 14:57:22.916666667,1.75,1,10.666666667,cortexvpu-01a-005-41884872_2026-06-19_13-57-21_814112.ts,cortexvpu-01a-005-41884872_2026-06-19_13-57-21_814112.ts
178,2026-06-19 15:07:03.083333333,2026-06-19 15:07:19.833333333,16.75,1,580.166666666,cortexvpu-01a-005-41884872_2026-06-19_14-07-01_945370.ts,cortexvpu-01a-005-41884872_2026-06-19_14-07-01_945370.ts
179,2026-06-19 15:08:57.166666667,2026-06-19 15:08:58.583333333,1.416666666,1,97.333333334,cortexvpu-01a-005-41884872_2026-06-19_14-08-57_886853.ts,cortexvpu-01a-005-41884872_2026-06-19_14-08-57_886853.ts
180,2026-06-19 15:08:59.166666667,2026-06-19 15:09:01.583333333,2.416666666,1,0.583333334,cortexvpu-01a-005-41884872_2026-06-19_14-08-59_316667.ts,cortexvpu-01a-005-41884872_2026-06-19_14-08-59_316667.ts
181,2026-06-19 15:13:05.333333333,2026-06-19 15:13:27.583333333,22.25,1,243.75,cortexvpu-01a-005-41884872_2026-06-19_14-12-48_915643.ts,cortexvpu-01a-005-41884872_2026-06-19_14-12-48_915643.ts
182,2026-06-19 15:14:45.166666667,2026-06-19 15:14:46.916666667,1.75,1,77.583333334,cortexvpu-01a-005-41884872_2026-06-19_14-14-45_004644.ts,cortexvpu-01a-005-41884872_2026-06-19_14-14-45_004644.ts
183,2026-06-19 15:15:06.166666667,2026-06-19 15:15:18.666666667,12.5,2,19.25,cortexvpu-01a-005-41884872_2026-06-19_14-15-05_316667.ts,cortexvpu-01a-005-41884872_2026-06-19_14-15-16_316667.ts
184,2026-06-19 15:17:10.166666667,2026-06-19 15:17:23.750000000,13.583333333,1,111.5,cortexvpu-01a-005-41884872_2026-06-19_14-17-09_945733.ts,cortexvpu-01a-005-41884872_2026-06-19_14-17-09_945733.ts
185,2026-06-19 15:35:52.500000000,2026-06-19 15:35:59.916666667,7.416666667,1,1108.75,cortexvpu-01a-005-41884872_2026-06-19_14-35-13_947515.ts,cortexvpu-01a-005-41884872_2026-06-19_14-35-13_947515.ts
186,2026-06-19 16:23:49.166666667,2026-06-19 16:24:11.583333333,22.416666666,1,2869.25,cortexvpu-01a-005-41884872_2026-06-19_15-22-57_017063.ts,cortexvpu-01a-005-41884872_2026-06-19_15-22-57_017063.ts
187,2026-06-19 16:29:31.500000000,2026-06-19 16:29:45.250000000,13.75,2,319.916666667,cortexvpu-01a-005-41884872_2026-06-19_15-29-29_450000.ts,cortexvpu-01a-005-41884872_2026-06-19_15-28-03_933333.ts
188,2026-06-19 16:33:52.166666667,2026-06-19 16:33:53.666666667,1.5,1,246.916666667,cortexvpu-01a-005-41884872_2026-06-19_15-33-19_090601.ts,cortexvpu-01a-005-41884872_2026-06-19_15-33-19_090601.ts
189,2026-06-19 16:54:34.166666667,2026-06-19 16:55:29.333333333,55.166666666,1,1240.5,cortexvpu-01a-005-41884872_2026-06-19_15-54-20_060566.ts,cortexvpu-01a-005-41884872_2026-06-19_15-54-20_060566.ts
190,2026-06-19 16:56:24.583333333,2026-06-19 16:56:32.750000000,8.166666667,1,55.25,cortexvpu-01a-005-41884872_2026-06-19_15-56-16_087857.ts,cortexvpu-01a-005-41884872_2026-06-19_15-56-16_087857.ts
191,2026-06-19 17:01:17.666666667,2026-06-19 17:01:31.833333333,14.166666666,2,284.916666667,cortexvpu-01a-005-41884872_2026-06-19_16-00-08_101391.ts,cortexvpu-01a-005-41884872_2026-06-19_16-01-27_500000.ts
192,2026-06-19 17:07:12.416666667,2026-06-19 17:07:20.750000000,8.333333333,1,340.583333334,cortexvpu-01a-005-41884872_2026-06-19_16-06-56_093845.ts,cortexvpu-01a-005-41884872_2026-06-19_16-06-56_093845.ts
193,2026-06-19 17:12:57.333333333,2026-06-19 17:13:06.500000000,9.166666667,1,336.583333333,cortexvpu-01a-005-41884872_2026-06-19_16-12-44_115306.ts,cortexvpu-01a-005-41884872_2026-06-19_16-12-44_115306.ts
194,2026-06-19 17:21:02.750000000,2026-06-19 17:21:19.250000000,16.5,2,476.25,cortexvpu-01a-005-41884872_2026-06-19_16-19-22_138442.ts,cortexvpu-01a-005-41884872_2026-06-19_16-21-18_126241.ts
195,2026-06-19 17:41:36.500000000,2026-06-19 17:41:50.666666667,14.166666667,1,1217.25,cortexvpu-01a-005-41884872_2026-06-19_16-41-27_204708.ts,cortexvpu-01a-005-41884872_2026-06-19_16-41-27_204708.ts
196,2026-06-19 17:47:33.000000000,2026-06-19 17:47:49.666666667,16.666666667,1,342.333333333,cortexvpu-01a-005-41884872_2026-06-19_16-47-15_190690.ts,cortexvpu-01a-005-41884872_2026-06-19_16-47-15_190690.ts
197,2026-06-19 17:53:10.583333333,2026-06-19 17:53:20.416666667,9.833333334,1,320.916666666,cortexvpu-01a-005-41884872_2026-06-19_16-52-09_121093.ts,cortexvpu-01a-005-41884872_2026-06-19_16-52-09_121093.ts
198,2026-06-19 18:06:27.833333333,2026-06-19 18:06:36.833333333,9.0,1,787.416666666,cortexvpu-01a-005-41884872_2026-06-19_17-05-41_222190.ts,cortexvpu-01a-005-41884872_2026-06-19_17-05-41_222190.ts
199,2026-06-19 18:08:49.500000000,2026-06-19 18:09:01.250000000,11.75,1,132.666666667,cortexvpu-01a-005-41884872_2026-06-19_17-07-37_254742.ts,cortexvpu-01a-005-41884872_2026-06-19_17-07-37_254742.ts
200,2026-06-19 18:09:33.166666667,2026-06-19 18:09:35.000000000,1.833333333,1,31.916666667,cortexvpu-01a-005-41884872_2026-06-19_17-09-33_266625.ts,cortexvpu-01a-005-41884872_2026-06-19_17-09-33_266625.ts
201,2026-06-19 18:11:31.416666667,2026-06-19 18:11:35.000000000,3.583333333,1,116.416666667,cortexvpu-01a-005-41884872_2026-06-19_17-11-29_290251.ts,cortexvpu-01a-005-41884872_2026-06-19_17-11-29_290251.ts
202,2026-06-19 18:11:35.166666667,2026-06-19 18:11:39.583333333,4.416666666,1,0.166666667,cortexvpu-01a-005-41884872_2026-06-19_17-11-35_616667.ts,cortexvpu-01a-005-41884872_2026-06-19_17-11-35_616667.ts
203,2026-06-19 18:12:51.416666667,2026-06-19 18:13:02.916666667,11.5,1,71.833333334,cortexvpu-01a-005-41884872_2026-06-19_17-12-50_033333.ts,cortexvpu-01a-005-41884872_2026-06-19_17-12-50_033333.ts
204,2026-06-19 18:13:05.166666667,2026-06-19 18:13:08.083333333,2.916666666,1,2.25,cortexvpu-01a-005-41884872_2026-06-19_17-13-05_933333.ts,cortexvpu-01a-005-41884872_2026-06-19_17-13-05_933333.ts
205,2026-06-19 18:20:25.916666667,2026-06-19 18:20:41.166666667,15.25,1,437.833333334,cortexvpu-01a-005-41884872_2026-06-19_17-18-51_254206.ts,cortexvpu-01a-005-41884872_2026-06-19_17-18-51_254206.ts
206,2026-06-19 18:20:47.166666667,2026-06-19 18:20:52.083333333,4.916666666,1,6.0,cortexvpu-01a-005-41884872_2026-06-19_17-20-47_222404.ts,cortexvpu-01a-005-41884872_2026-06-19_17-20-47_222404.ts
207,2026-06-19 18:23:52.000000000,2026-06-19 18:24:21.416666667,29.416666667,1,179.916666667,cortexvpu-01a-005-41884872_2026-06-19_17-22-43_254786.ts,cortexvpu-01a-005-41884872_2026-06-19_17-22-43_254786.ts
208,2026-06-19 18:24:40.166666667,2026-06-19 18:24:45.000000000,4.833333333,1,18.75,cortexvpu-01a-005-41884872_2026-06-19_17-24-39_157138.ts,cortexvpu-01a-005-41884872_2026-06-19_17-24-39_157138.ts
209,2026-06-19 18:26:35.166666667,2026-06-19 18:26:36.416666667,1.25,1,110.166666667,cortexvpu-01a-005-41884872_2026-06-19_17-26-35_394568.ts,cortexvpu-01a-005-41884872_2026-06-19_17-26-35_394568.ts
210,2026-06-19 18:28:31.166666667,2026-06-19 18:28:33.083333333,1.916666666,1,114.75,cortexvpu-01a-005-41884872_2026-06-19_17-28-30_933333.ts,cortexvpu-01a-005-41884872_2026-06-19_17-28-30_933333.ts
211,2026-06-19 18:30:24.166666667,2026-06-19 18:30:31.583333333,7.416666666,1,111.083333334,cortexvpu-01a-005-41884872_2026-06-19_17-30-24_298221.ts,cortexvpu-01a-005-41884872_2026-06-19_17-30-24_298221.ts
212,2026-06-19 18:31:30.166666667,2026-06-19 18:31:31.166666667,1.0,1,58.583333334,cortexvpu-01a-005-41884872_2026-06-19_17-31-26_650000.ts,cortexvpu-01a-005-41884872_2026-06-19_17-31-26_650000.ts
213,2026-06-19 18:31:37.166666667,2026-06-19 18:31:39.666666667,2.5,1,6.0,cortexvpu-01a-005-41884872_2026-06-19_17-31-37_650000.ts,cortexvpu-01a-005-41884872_2026-06-19_17-31-37_650000.ts
214,2026-06-19 18:44:26.083333333,2026-06-19 18:45:18.916666667,52.833333334,5,766.416666666,cortexvpu-01a-005-41884872_2026-06-19_17-44-25_666667.ts,cortexvpu-01a-005-41884872_2026-06-19_17-45-04_933333.ts
215,2026-06-20 06:32:12.166666667,2026-06-20 06:32:14.416666667,2.25,1,42413.25,cortexvpu-01a-005-41884872_2026-06-20_05-32-12_966667.ts,cortexvpu-01a-005-41884872_2026-06-20_05-32-12_966667.ts
216,2026-06-20 06:53:51.166666667,2026-06-20 06:53:57.583333333,6.416666666,2,1296.75,cortexvpu-01a-005-41884872_2026-06-20_05-53-51_016667.ts,cortexvpu-01a-005-41884872_2026-06-20_05-52-58_200000.ts
217,2026-06-20 06:55:07.166666667,2026-06-20 06:55:09.500000000,2.333333333,1,69.583333334,cortexvpu-01a-005-41884872_2026-06-20_05-55-07_016667.ts,cortexvpu-01a-005-41884872_2026-06-20_05-55-07_016667.ts
218,2026-06-20 06:57:21.333333333,2026-06-20 06:57:43.916666667,22.583333334,1,131.833333333,cortexvpu-01a-005-41884872_2026-06-20_05-56-37_016667.ts,cortexvpu-01a-005-41884872_2026-06-20_05-56-37_016667.ts
219,2026-06-20 06:58:02.333333333,2026-06-20 06:58:04.833333333,2.5,1,18.416666666,cortexvpu-01a-005-41884872_2026-06-20_05-58-02_016667.ts,cortexvpu-01a-005-41884872_2026-06-20_05-58-02_016667.ts
220,2026-06-20 06:58:20.166666667,2026-06-20 06:58:22.250000000,2.083333333,1,15.333333334,cortexvpu-01a-005-41884872_2026-06-20_05-58-20_016667.ts,cortexvpu-01a-005-41884872_2026-06-20_05-58-20_016667.ts
221,2026-06-20 07:04:07.166666667,2026-06-20 07:04:30.583333333,23.416666666,2,344.916666667,cortexvpu-01a-005-41884872_2026-06-20_06-04-07_550614.ts,cortexvpu-01a-005-41884872_2026-06-20_06-02-14_016667.ts
222,2026-06-20 07:05:25.166666667,2026-06-20 07:05:27.416666667,2.25,1,54.583333334,cortexvpu-01a-005-41884872_2026-06-20_06-05-25_016667.ts,cortexvpu-01a-005-41884872_2026-06-20_06-05-25_016667.ts
223,2026-06-20 07:05:40.166666667,2026-06-20 07:05:42.250000000,2.083333333,1,12.75,cortexvpu-01a-005-41884872_2026-06-20_06-05-40_016667.ts,cortexvpu-01a-005-41884872_2026-06-20_06-05-40_016667.ts
224,2026-06-20 07:19:43.250000000,2026-06-20 07:19:55.750000000,12.5,1,841.0,cortexvpu-01a-005-41884872_2026-06-20_06-18-32_610613.ts,cortexvpu-01a-005-41884872_2026-06-20_06-18-32_610613.ts
225,2026-06-20 07:20:28.166666667,2026-06-20 07:20:30.916666667,2.75,1,32.416666667,cortexvpu-01a-005-41884872_2026-06-20_06-20-28_611676.ts,cortexvpu-01a-005-41884872_2026-06-20_06-20-28_611676.ts
226,2026-06-20 07:24:24.500000000,2026-06-20 07:24:34.750000000,10.25,1,233.583333333,cortexvpu-01a-005-41884872_2026-06-20_06-23-08_033333.ts,cortexvpu-01a-005-41884872_2026-06-20_06-23-08_033333.ts
227,2026-06-20 07:27:47.083333333,2026-06-20 07:27:53.000000000,5.916666667,1,192.333333333,cortexvpu-01a-005-41884872_2026-06-20_06-26-26_066667.ts,cortexvpu-01a-005-41884872_2026-06-20_06-26-26_066667.ts
228,2026-06-20 07:33:55.416666667,2026-06-20 07:33:58.750000000,3.333333333,1,362.416666667,cortexvpu-01a-005-41884872_2026-06-20_06-33-23_066667.ts,cortexvpu-01a-005-41884872_2026-06-20_06-33-23_066667.ts
229,2026-06-20 07:35:40.166666667,2026-06-20 07:35:41.416666667,1.25,1,101.416666667,cortexvpu-01a-005-41884872_2026-06-20_06-35-40_033333.ts,cortexvpu-01a-005-41884872_2026-06-20_06-35-40_033333.ts
230,2026-06-20 07:35:58.166666667,2026-06-20 07:36:02.000000000,3.833333333,1,16.75,cortexvpu-01a-005-41884872_2026-06-20_06-35-58_033333.ts,cortexvpu-01a-005-41884872_2026-06-20_06-35-58_033333.ts
231,2026-06-20 07:36:20.166666667,2026-06-20 07:36:22.750000000,2.583333333,1,18.166666667,cortexvpu-01a-005-41884872_2026-06-20_06-36-20_033333.ts,cortexvpu-01a-005-41884872_2026-06-20_06-36-20_033333.ts
232,2026-06-20 07:36:38.166666667,2026-06-20 07:36:44.083333333,5.916666666,1,15.416666667,cortexvpu-01a-005-41884872_2026-06-20_06-36-38_033333.ts,cortexvpu-01a-005-41884872_2026-06-20_06-36-38_033333.ts
233,2026-06-20 07:37:11.166666667,2026-06-20 07:37:21.916666667,10.75,1,27.083333334,cortexvpu-01a-005-41884872_2026-06-20_06-37-11_033333.ts,cortexvpu-01a-005-41884872_2026-06-20_06-37-11_033333.ts
234,2026-06-20 07:38:03.166666667,2026-06-20 07:38:06.583333333,3.416666666,1,41.25,cortexvpu-01a-005-41884872_2026-06-20_06-38-03_083333.ts,cortexvpu-01a-005-41884872_2026-06-20_06-38-03_083333.ts
235,2026-06-20 07:38:24.166666667,2026-06-20 07:38:34.500000000,10.333333333,3,17.583333334,cortexvpu-01a-005-41884872_2026-06-20_06-38-24_083333.ts,cortexvpu-01a-005-41884872_2026-06-20_06-38-33_083333.ts
236,2026-06-20 07:41:56.166666667,2026-06-20 07:42:09.416666667,13.25,2,201.666666667,cortexvpu-01a-005-41884872_2026-06-20_06-41-56_133333.ts,cortexvpu-01a-005-41884872_2026-06-20_06-42-05_133333.ts
237,2026-06-20 07:43:36.166666667,2026-06-20 07:43:41.416666667,5.25,1,86.75,cortexvpu-01a-005-41884872_2026-06-20_06-43-36_133333.ts,cortexvpu-01a-005-41884872_2026-06-20_06-43-36_133333.ts
238,2026-06-20 07:45:47.166666667,2026-06-20 07:45:49.583333333,2.416666666,1,125.75,cortexvpu-01a-005-41884872_2026-06-20_06-45-46_133333.ts,cortexvpu-01a-005-41884872_2026-06-20_06-45-46_133333.ts
239,2026-06-20 07:47:22.166666667,2026-06-20 07:47:24.083333333,1.916666666,1,92.583333334,cortexvpu-01a-005-41884872_2026-06-20_06-47-22_133333.ts,cortexvpu-01a-005-41884872_2026-06-20_06-47-22_133333.ts
240,2026-06-20 07:49:42.166666667,2026-06-20 07:49:45.916666667,3.75,1,138.083333334,cortexvpu-01a-005-41884872_2026-06-20_06-49-42_133333.ts,cortexvpu-01a-005-41884872_2026-06-20_06-49-42_133333.ts
241,2026-06-20 07:49:52.166666667,2026-06-20 07:49:58.916666667,6.75,1,6.25,cortexvpu-01a-005-41884872_2026-06-20_06-49-51_133333.ts,cortexvpu-01a-005-41884872_2026-06-20_06-49-51_133333.ts
242,2026-06-20 07:49:59.166666667,2026-06-20 07:50:07.916666667,8.75,1,0.25,cortexvpu-01a-005-41884872_2026-06-20_06-49-59_133333.ts,cortexvpu-01a-005-41884872_2026-06-20_06-49-59_133333.ts
243,2026-06-20 07:50:18.250000000,2026-06-20 07:50:23.000000000,4.75,1,10.333333333,cortexvpu-01a-005-41884872_2026-06-20_06-50-17_133333.ts,cortexvpu-01a-005-41884872_2026-06-20_06-50-17_133333.ts
244,2026-06-20 07:50:30.166666667,2026-06-20 07:50:31.250000000,1.083333333,1,7.166666667,cortexvpu-01a-005-41884872_2026-06-20_06-50-29_133333.ts,cortexvpu-01a-005-41884872_2026-06-20_06-50-29_133333.ts
245,2026-06-20 07:50:34.166666667,2026-06-20 07:50:38.416666667,4.25,1,2.916666667,cortexvpu-01a-005-41884872_2026-06-20_06-50-34_133333.ts,cortexvpu-01a-005-41884872_2026-06-20_06-50-34_133333.ts
246,2026-06-20 07:50:38.750000000,2026-06-20 07:50:50.166666667,11.416666667,1,0.333333333,cortexvpu-01a-005-41884872_2026-06-20_06-50-38_133333.ts,cortexvpu-01a-005-41884872_2026-06-20_06-50-38_133333.ts
247,2026-06-20 07:50:56.166666667,2026-06-20 07:51:09.000000000,12.833333333,1,6.0,cortexvpu-01a-005-41884872_2026-06-20_06-50-56_133333.ts,cortexvpu-01a-005-41884872_2026-06-20_06-50-56_133333.ts
248,2026-06-20 07:51:13.166666667,2026-06-20 07:51:22.000000000,8.833333333,1,4.166666667,cortexvpu-01a-005-41884872_2026-06-20_06-51-13_133333.ts,cortexvpu-01a-005-41884872_2026-06-20_06-51-13_133333.ts
249,2026-06-20 07:51:36.166666667,2026-06-20 07:51:46.000000000,9.833333333,1,14.166666667,cortexvpu-01a-005-41884872_2026-06-20_06-51-36_133333.ts,cortexvpu-01a-005-41884872_2026-06-20_06-51-36_133333.ts
250,2026-06-20 07:51:57.166666667,2026-06-20 07:52:04.166666667,7.0,2,11.166666667,cortexvpu-01a-005-41884872_2026-06-20_06-51-57_133333.ts,cortexvpu-01a-005-41884872_2026-06-20_06-51-54_133333.ts
251,2026-06-20 07:52:19.166666667,2026-06-20 07:52:22.416666667,3.25,1,15.0,cortexvpu-01a-005-41884872_2026-06-20_06-52-19_133333.ts,cortexvpu-01a-005-41884872_2026-06-20_06-52-19_133333.ts
252,2026-06-20 07:52:25.666666667,2026-06-20 07:52:28.416666667,2.75,1,3.25,cortexvpu-01a-005-41884872_2026-06-20_06-52-25_133333.ts,cortexvpu-01a-005-41884872_2026-06-20_06-52-25_133333.ts
253,2026-06-20 07:52:33.166666667,2026-06-20 07:52:36.000000000,2.833333333,1,4.75,cortexvpu-01a-005-41884872_2026-06-20_06-52-32_133333.ts,cortexvpu-01a-005-41884872_2026-06-20_06-52-32_133333.ts
254,2026-06-20 07:52:43.166666667,2026-06-20 07:52:45.000000000,1.833333333,1,7.166666667,cortexvpu-01a-005-41884872_2026-06-20_06-52-43_133333.ts,cortexvpu-01a-005-41884872_2026-06-20_06-52-43_133333.ts
255,2026-06-20 07:54:36.166666667,2026-06-20 07:54:53.583333333,17.416666666,1,111.166666667,cortexvpu-01a-005-41884872_2026-06-20_06-54-36_748456.ts,cortexvpu-01a-005-41884872_2026-06-20_06-54-36_748456.ts
256,2026-06-20 07:56:32.166666667,2026-06-20 07:56:37.833333333,5.666666666,1,98.583333334,cortexvpu-01a-005-41884872_2026-06-20_06-56-32_584397.ts,cortexvpu-01a-005-41884872_2026-06-20_06-56-32_584397.ts
257,2026-06-20 08:05:57.833333333,2026-06-20 08:06:07.750000000,9.916666667,1,560.0,cortexvpu-01a-005-41884872_2026-06-20_07-05-38_033333.ts,cortexvpu-01a-005-41884872_2026-06-20_07-05-38_033333.ts
