grouped_stop_id,grouped_stop_start_time,grouped_stop_end_time,grouped_stop_duration_seconds,raw_detections_in_group,first_video_in_group,last_video_in_group,nearest_harford_stop_id,nearest_harford_stop_start_time,nearest_harford_stop_end_time,signed_seconds_from_nearest_harford_start,absolute_seconds_from_nearest_harford_start,starts_inside_harford_duration,containing_harford_stop_id,containing_harford_stop_start_time,containing_harford_stop_end_time,seconds_after_containing_harford_start,seconds_before_containing_harford_end,overlaps_harford_duration,best_overlap_harford_stop_id,best_overlap_seconds
1,2026-06-18 22:11:06.834444444,2026-06-18 22:11:22.268888889,15.434444445,1,cortexvpu-01a-005-41884872_2026-06-18_21-10-34_935489.ts,cortexvpu-01a-005-41884872_2026-06-18_21-10-34_935489.ts,74,2026-06-18 22:53:41.983,2026-06-18 22:53:56.983,-2555.148555556,2555.148555556,False,,,,,,False,,0.0
2,2026-06-18 22:14:30.294444444,2026-06-18 22:14:51.593333333,21.298888889,1,cortexvpu-01a-005-41884872_2026-06-18_21-14-05_784690.ts,cortexvpu-01a-005-41884872_2026-06-18_21-14-05_784690.ts,74,2026-06-18 22:53:41.983,2026-06-18 22:53:56.983,-2351.688555556,2351.688555556,False,,,,,,False,,0.0
3,2026-06-18 22:15:18.062222222,2026-06-18 22:15:21.542222222,3.48,1,cortexvpu-01a-005-41884872_2026-06-18_21-15-16_657976.ts,cortexvpu-01a-005-41884872_2026-06-18_21-15-16_657976.ts,74,2026-06-18 22:53:41.983,2026-06-18 22:53:56.983,-2303.920777778,2303.920777778,False,,,,,,False,,0.0
4,2026-06-18 23:30:55.811111111,2026-06-18 23:31:00.870000000,5.058888889,1,cortexvpu-01a-005-41884872_2026-06-18_22-30-02_160727.ts,cortexvpu-01a-005-41884872_2026-06-18_22-30-02_160727.ts,75,2026-06-18 23:57:42.475,2026-06-18 23:58:35.475,-1606.663888889,1606.663888889,False,,,,,,False,,0.0
5,2026-06-18 23:35:02.336666667,2026-06-18 23:35:04.495555556,2.158888889,1,cortexvpu-01a-005-41884872_2026-06-18_22-34-46_237795.ts,cortexvpu-01a-005-41884872_2026-06-18_22-34-46_237795.ts,75,2026-06-18 23:57:42.475,2026-06-18 23:58:35.475,-1360.138333333,1360.138333333,False,,,,,,False,,0.0
6,2026-06-18 23:56:53.727777778,2026-06-18 23:57:11.611111111,17.883333333,1,cortexvpu-01a-005-41884872_2026-06-18_22-56-41_282659.ts,cortexvpu-01a-005-41884872_2026-06-18_22-56-41_282659.ts,75,2026-06-18 23:57:42.475,2026-06-18 23:58:35.475,-48.747222222,48.747222222,False,,,,,,False,,0.0
7,2026-06-19 00:00:16.062222222,2026-06-19 00:00:26.276666667,10.214444445,1,cortexvpu-01a-005-41884872_2026-06-18_23-00-14_426498.ts,cortexvpu-01a-005-41884872_2026-06-18_23-00-14_426498.ts,76,2026-06-19 00:00:44.902,2026-06-19 00:00:56.902,-28.839777778,28.839777778,False,,,,,,False,,0.0
8,2026-06-19 00:08:20.996666667,2026-06-19 00:08:27.022222222,6.025555555,1,cortexvpu-01a-005-41884872_2026-06-18_23-07-20_425921.ts,cortexvpu-01a-005-41884872_2026-06-18_23-07-20_425921.ts,77,2026-06-19 00:01:16.414,2026-06-19 00:01:58.414,424.582666667,424.582666667,False,,,,,,False,,0.0
9,2026-06-19 00:08:33.416666667,2026-06-19 00:08:37.476666667,4.06,1,cortexvpu-01a-005-41884872_2026-06-18_23-08-31_404536.ts,cortexvpu-01a-005-41884872_2026-06-18_23-08-31_404536.ts,77,2026-06-19 00:01:16.414,2026-06-19 00:01:58.414,437.002666667,437.002666667,False,,,,,,False,,0.0
10,2026-06-19 00:16:35.061111111,2026-06-19 00:16:37.058888889,1.997777778,1,cortexvpu-01a-005-41884872_2026-06-18_23-16-32_638711.ts,cortexvpu-01a-005-41884872_2026-06-18_23-16-32_638711.ts,78,2026-06-19 00:18:34.908,2026-06-19 00:18:57.908,-119.846888889,119.846888889,False,,,,,,False,,0.0
11,2026-06-19 00:16:37.094444444,2026-06-19 00:16:38.995555556,1.901111112,1,cortexvpu-01a-005-41884872_2026-06-18_23-16-35_645167.ts,cortexvpu-01a-005-41884872_2026-06-18_23-16-35_645167.ts,78,2026-06-19 00:18:34.908,2026-06-19 00:18:57.908,-117.813555556,117.813555556,False,,,,,,False,,0.0
12,2026-06-19 00:17:37.098888889,2026-06-19 00:17:50.922222222,13.823333333,1,cortexvpu-01a-005-41884872_2026-06-18_23-16-41_666667.ts,cortexvpu-01a-005-41884872_2026-06-18_23-16-41_666667.ts,78,2026-06-19 00:18:34.908,2026-06-19 00:18:57.908,-57.809111111,57.809111111,False,,,,,,False,,0.0
13,2026-06-19 00:17:52.062222222,2026-06-19 00:17:53.157777778,1.095555556,1,cortexvpu-01a-005-41884872_2026-06-18_23-17-50_223750.ts,cortexvpu-01a-005-41884872_2026-06-18_23-17-50_223750.ts,78,2026-06-19 00:18:34.908,2026-06-19 00:18:57.908,-42.845777778,42.845777778,False,,,,,,False,,0.0
14,2026-06-19 02:37:53.138888889,2026-06-19 02:38:04.481111111,11.342222222,1,cortexvpu-01a-005-41884872_2026-06-19_01-37-33_184857.ts,cortexvpu-01a-005-41884872_2026-06-19_01-37-33_184857.ts,88,2026-06-19 02:38:58.782,2026-06-19 02:39:51.782,-65.643111111,65.643111111,False,,,,,,False,,0.0
15,2026-06-19 03:13:30.594444444,2026-06-19 03:13:51.506666666,20.912222222,1,cortexvpu-01a-005-41884872_2026-06-19_02-12-45_376470.ts,cortexvpu-01a-005-41884872_2026-06-19_02-12-45_376470.ts,90,2026-06-19 03:25:29.939,2026-06-19 03:25:43.939,-719.344555556,719.344555556,False,,,,,,False,,0.0
16,2026-06-19 03:13:57.063333333,2026-06-19 03:14:13.980000000,16.916666667,1,cortexvpu-01a-005-41884872_2026-06-19_02-13-56_339659.ts,cortexvpu-01a-005-41884872_2026-06-19_02-13-56_339659.ts,90,2026-06-19 03:25:29.939,2026-06-19 03:25:43.939,-692.875666667,692.875666667,False,,,,,,False,,0.0
17,2026-06-19 03:15:19.381111111,2026-06-19 03:15:21.088888889,1.707777778,1,cortexvpu-01a-005-41884872_2026-06-19_02-15-14_651611.ts,cortexvpu-01a-005-41884872_2026-06-19_02-15-14_651611.ts,90,2026-06-19 03:25:29.939,2026-06-19 03:25:43.939,-610.557888889,610.557888889,False,,,,,,False,,0.0
18,2026-06-19 03:15:34.093333333,2026-06-19 03:15:36.703333333,2.61,1,cortexvpu-01a-005-41884872_2026-06-19_02-15-31_651611.ts,cortexvpu-01a-005-41884872_2026-06-19_02-15-31_651611.ts,90,2026-06-19 03:25:29.939,2026-06-19 03:25:43.939,-595.845666667,595.845666667,False,,,,,,False,,0.0
19,2026-06-19 03:15:45.062222222,2026-06-19 03:15:48.703333333,3.641111111,1,cortexvpu-01a-005-41884872_2026-06-19_02-15-43_658067.ts,cortexvpu-01a-005-41884872_2026-06-19_02-15-43_658067.ts,90,2026-06-19 03:25:29.939,2026-06-19 03:25:43.939,-584.876777778,584.876777778,False,,,,,,False,,0.0
20,2026-06-19 03:16:22.091111111,2026-06-19 03:16:26.602222222,4.511111111,1,cortexvpu-01a-005-41884872_2026-06-19_02-16-17_658067.ts,cortexvpu-01a-005-41884872_2026-06-19_02-16-17_658067.ts,90,2026-06-19 03:25:29.939,2026-06-19 03:25:43.939,-547.847888889,547.847888889,False,,,,,,False,,0.0
21,2026-06-19 03:17:39.064444444,2026-06-19 03:17:41.996666667,2.932222223,1,cortexvpu-01a-005-41884872_2026-06-19_02-17-39_896778.ts,cortexvpu-01a-005-41884872_2026-06-19_02-17-39_896778.ts,90,2026-06-19 03:25:29.939,2026-06-19 03:25:43.939,-470.874555556,470.874555556,False,,,,,,False,,0.0
22,2026-06-19 03:18:18.114444444,2026-06-19 03:18:22.657777778,4.543333334,1,cortexvpu-01a-005-41884872_2026-06-19_02-18-05_664511.ts,cortexvpu-01a-005-41884872_2026-06-19_02-18-05_664511.ts,90,2026-06-19 03:25:29.939,2026-06-19 03:25:43.939,-431.824555556,431.824555556,False,,,,,,False,,0.0
23,2026-06-19 03:25:13.060000000,2026-06-19 03:25:18.215555556,5.155555556,1,cortexvpu-01a-005-41884872_2026-06-19_02-25-09_523403.ts,cortexvpu-01a-005-41884872_2026-06-19_02-25-09_523403.ts,90,2026-06-19 03:25:29.939,2026-06-19 03:25:43.939,-16.879,16.879,False,,,,,,False,,0.0
24,2026-06-19 03:26:22.610000000,2026-06-19 03:26:25.703333333,3.093333333,1,cortexvpu-01a-005-41884872_2026-06-19_02-26-20_390324.ts,cortexvpu-01a-005-41884872_2026-06-19_02-26-20_390324.ts,90,2026-06-19 03:25:29.939,2026-06-19 03:25:43.939,52.671,52.671,False,,,,,,False,,0.0
25,2026-06-19 03:26:27.062222222,2026-06-19 03:26:29.994444444,2.932222222,1,cortexvpu-01a-005-41884872_2026-06-19_02-26-25_716133.ts,cortexvpu-01a-005-41884872_2026-06-19_02-26-25_716133.ts,90,2026-06-19 03:25:29.939,2026-06-19 03:25:43.939,57.123222222,57.123222222,False,,,,,,False,,0.0
26,2026-06-19 03:27:37.093333333,2026-06-19 03:27:44.375555556,7.282222223,1,cortexvpu-01a-005-41884872_2026-06-19_02-27-34_409488.ts,cortexvpu-01a-005-41884872_2026-06-19_02-27-34_409488.ts,91,2026-06-19 03:28:15.752,2026-06-19 03:28:28.752,-38.658666667,38.658666667,False,,,,,,False,,0.0
27,2026-06-19 03:28:48.061111111,2026-06-19 03:28:49.092222222,1.031111111,1,cortexvpu-01a-005-41884872_2026-06-19_02-28-45_481007.ts,cortexvpu-01a-005-41884872_2026-06-19_02-28-45_481007.ts,92,2026-06-19 03:28:41.976,2026-06-19 03:29:20.976,6.085111111,6.085111111,True,92,2026-06-19 03:28:41.976,2026-06-19 03:29:20.976,6.085111111,32.914888,True,92,1.031111
28,2026-06-19 03:29:55.063333333,2026-06-19 03:29:56.416666667,1.353333334,1,cortexvpu-01a-005-41884872_2026-06-19_02-29-54_735489.ts,cortexvpu-01a-005-41884872_2026-06-19_02-29-54_735489.ts,93,2026-06-19 03:29:35.624,2026-06-19 03:30:47.624,19.439333333,19.439333333,True,93,2026-06-19 03:29:35.624,2026-06-19 03:30:47.624,19.439333333,52.560666,True,93,1.3533330000000001
29,2026-06-19 03:31:49.432222222,2026-06-19 03:32:02.933333333,13.501111111,1,cortexvpu-01a-005-41884872_2026-06-19_02-31-03_489790.ts,cortexvpu-01a-005-41884872_2026-06-19_02-31-03_489790.ts,94,2026-06-19 03:32:41.108,2026-06-19 03:34:07.108,-51.675777778,51.675777778,False,,,,,,False,,0.0
30,2026-06-19 03:32:19.864444444,2026-06-19 03:32:21.411111111,1.546666667,1,cortexvpu-01a-005-41884872_2026-06-19_02-32-14_441377.ts,cortexvpu-01a-005-41884872_2026-06-19_02-32-14_441377.ts,94,2026-06-19 03:32:41.108,2026-06-19 03:34:07.108,-21.243555556,21.243555556,False,,,,,,False,,0.0
31,2026-06-19 03:37:45.667777778,2026-06-19 03:37:50.662222222,4.994444444,1,cortexvpu-01a-005-41884872_2026-06-19_02-36-39_544404.ts,cortexvpu-01a-005-41884872_2026-06-19_02-36-39_544404.ts,95,2026-06-19 03:38:38.193,2026-06-19 03:40:03.193,-52.525222222,52.525222222,False,,,,,,False,,0.0
32,2026-06-19 03:37:53.061111111,2026-06-19 03:37:55.220000000,2.158888889,1,cortexvpu-01a-005-41884872_2026-06-19_02-37-50_509624.ts,cortexvpu-01a-005-41884872_2026-06-19_02-37-50_509624.ts,95,2026-06-19 03:38:38.193,2026-06-19 03:40:03.193,-45.131888889,45.131888889,False,,,,,,False,,0.0
33,2026-06-19 03:43:47.243333333,2026-06-19 03:43:47.694444444,0.451111111,1,cortexvpu-01a-005-41884872_2026-06-19_02-42-36_499681.ts,cortexvpu-01a-005-41884872_2026-06-19_02-42-36_499681.ts,96,2026-06-19 03:44:22.189,2026-06-19 03:45:03.189,-34.945666667,34.945666667,False,,,,,,False,,0.0
34,2026-06-19 03:43:50.834444444,2026-06-19 03:43:52.703333333,1.868888889,1,cortexvpu-01a-005-41884872_2026-06-19_02-43-47_579287.ts,cortexvpu-01a-005-41884872_2026-06-19_02-43-47_579287.ts,96,2026-06-19 03:44:22.189,2026-06-19 03:45:03.189,-31.354555556,31.354555556,False,,,,,,False,,0.0
35,2026-06-19 03:48:05.530000000,2026-06-19 03:48:13.875555556,8.345555556,1,cortexvpu-01a-005-41884872_2026-06-19_02-47-20_692052.ts,cortexvpu-01a-005-41884872_2026-06-19_02-47-20_692052.ts,97,2026-06-19 03:49:00.634,2026-06-19 03:50:05.634,-55.104,55.104,False,,,,,,False,,0.0
36,2026-06-19 03:48:35.640000000,2026-06-19 03:48:36.961111111,1.321111111,1,cortexvpu-01a-005-41884872_2026-06-19_02-48-31_422348.ts,cortexvpu-01a-005-41884872_2026-06-19_02-48-31_422348.ts,97,2026-06-19 03:49:00.634,2026-06-19 03:50:05.634,-24.994,24.994,False,,,,,,False,,0.0
37,2026-06-19 03:53:51.604444444,2026-06-19 03:54:06.265555556,14.661111112,1,cortexvpu-01a-005-41884872_2026-06-19_02-53-44_674871.ts,cortexvpu-01a-005-41884872_2026-06-19_02-53-44_674871.ts,97,2026-06-19 03:49:00.634,2026-06-19 03:50:05.634,290.970444444,290.970444444,False,,,,,,False,,0.0
38,2026-06-19 03:54:59.511111110,2026-06-19 03:55:00.928888889,1.417777779,1,cortexvpu-01a-005-41884872_2026-06-19_02-54-55_103222.ts,cortexvpu-01a-005-41884872_2026-06-19_02-54-55_103222.ts,97,2026-06-19 03:49:00.634,2026-06-19 03:50:05.634,358.87711111,358.87711111,False,,,,,,False,,0.0
39,2026-06-19 03:56:06.061111111,2026-06-19 03:56:07.575555556,1.514444445,1,cortexvpu-01a-005-41884872_2026-06-19_02-56-03_603205.ts,cortexvpu-01a-005-41884872_2026-06-19_02-56-03_603205.ts,97,2026-06-19 03:49:00.634,2026-06-19 03:50:05.634,425.427111111,425.427111111,False,,,,,,False,,0.0
40,2026-06-19 03:57:20.057777778,2026-06-19 03:57:26.566666667,6.508888889,1,cortexvpu-01a-005-41884872_2026-06-19_02-57-14_444881.ts,cortexvpu-01a-005-41884872_2026-06-19_02-57-14_444881.ts,97,2026-06-19 03:49:00.634,2026-06-19 03:50:05.634,499.423777778,499.423777778,False,,,,,,False,,0.0
41,2026-06-19 04:05:01.188888889,2026-06-19 04:05:14.593333333,13.404444444,1,cortexvpu-01a-005-41884872_2026-06-19_03-04-57_791037.ts,cortexvpu-01a-005-41884872_2026-06-19_03-04-57_791037.ts,98,2026-06-19 04:06:26.928,2026-06-19 04:06:58.928,-85.739111111,85.739111111,False,,,,,,False,,0.0
42,2026-06-19 04:10:04.038888889,2026-06-19 04:10:17.282222222,13.243333333,1,cortexvpu-01a-005-41884872_2026-06-19_03-09-41_754057.ts,cortexvpu-01a-005-41884872_2026-06-19_03-09-41_754057.ts,99,2026-06-19 04:13:23.995,2026-06-19 04:13:33.995,-199.956111111,199.956111111,False,,,,,,False,,0.0
43,2026-06-19 04:13:16.706666667,2026-06-19 04:13:25.954444444,9.247777777,1,cortexvpu-01a-005-41884872_2026-06-19_03-13-14_762454.ts,cortexvpu-01a-005-41884872_2026-06-19_03-13-14_762454.ts,99,2026-06-19 04:13:23.995,2026-06-19 04:13:33.995,-7.288333333,7.288333333,False,,,,,,True,99,1.959444
44,2026-06-19 04:17:46.385555556,2026-06-19 04:17:56.857777778,10.472222222,1,cortexvpu-01a-005-41884872_2026-06-19_03-16-47_834679.ts,cortexvpu-01a-005-41884872_2026-06-19_03-16-47_834679.ts,101,2026-06-19 04:18:49.333,2026-06-19 04:21:39.333,-62.947444444,62.947444444,False,,,,,,False,,0.0
45,2026-06-19 04:18:00.062222222,2026-06-19 04:18:01.995555556,1.933333334,1,cortexvpu-01a-005-41884872_2026-06-19_03-17-58_751527.ts,cortexvpu-01a-005-41884872_2026-06-19_03-17-58_751527.ts,101,2026-06-19 04:18:49.333,2026-06-19 04:21:39.333,-49.270777778,49.270777778,False,,,,,,False,,0.0
46,2026-06-19 04:19:11.062222222,2026-06-19 04:19:16.475555556,5.413333334,1,cortexvpu-01a-005-41884872_2026-06-19_03-19-09_569304.ts,cortexvpu-01a-005-41884872_2026-06-19_03-19-09_569304.ts,101,2026-06-19 04:18:49.333,2026-06-19 04:21:39.333,21.729222222,21.729222222,True,101,2026-06-19 04:18:49.333,2026-06-19 04:21:39.333,21.729222222,148.270777,True,101,5.413333
47,2026-06-19 04:19:19.062222222,2026-06-19 04:19:28.475555556,9.413333334,2,cortexvpu-01a-005-41884872_2026-06-19_03-19-17_245167.ts,cortexvpu-01a-005-41884872_2026-06-19_03-19-21_245167.ts,101,2026-06-19 04:18:49.333,2026-06-19 04:21:39.333,29.729222222,29.729222222,True,101,2026-06-19 04:18:49.333,2026-06-19 04:21:39.333,29.729222222,140.270777,True,101,9.413333
48,2026-06-19 04:20:04.025555556,2026-06-19 04:20:05.765555556,1.74,1,cortexvpu-01a-005-41884872_2026-06-19_03-19-58_012900.ts,cortexvpu-01a-005-41884872_2026-06-19_03-19-58_012900.ts,101,2026-06-19 04:18:49.333,2026-06-19 04:21:39.333,74.692555556,74.692555556,True,101,2026-06-19 04:18:49.333,2026-06-19 04:21:39.333,74.692555556,95.307444,True,101,1.74
49,2026-06-19 04:39:06.007777778,2026-06-19 04:39:09.745555556,3.737777778,1,cortexvpu-01a-005-41884872_2026-06-19_03-38-15_886285.ts,cortexvpu-01a-005-41884872_2026-06-19_03-38-15_886285.ts,102,2026-06-19 04:27:25.944,2026-06-19 04:27:35.944,700.063777778,700.063777778,False,,,,,,False,,0.0
50,2026-06-19 04:51:18.187777778,2026-06-19 04:51:25.083333333,6.895555555,1,cortexvpu-01a-005-41884872_2026-06-19_03-50-44_016667.ts,cortexvpu-01a-005-41884872_2026-06-19_03-50-44_016667.ts,103,2026-06-19 04:54:30.843,2026-06-19 04:55:16.843,-192.655222222,192.655222222,False,,,,,,False,,0.0
51,2026-06-19 04:53:16.050000000,2026-06-19 04:53:22.268888889,6.218888889,1,cortexvpu-01a-005-41884872_2026-06-19_03-53-03_022603.ts,cortexvpu-01a-005-41884872_2026-06-19_03-53-03_022603.ts,103,2026-06-19 04:54:30.843,2026-06-19 04:55:16.843,-74.793,74.793,False,,,,,,False,,0.0
52,2026-06-19 04:54:14.063333333,2026-06-19 04:54:15.996666667,1.933333334,1,cortexvpu-01a-005-41884872_2026-06-19_03-54-13_948410.ts,cortexvpu-01a-005-41884872_2026-06-19_03-54-13_948410.ts,103,2026-06-19 04:54:30.843,2026-06-19 04:55:16.843,-16.779666667,16.779666667,False,,,,,,False,,0.0
53,2026-06-19 04:57:16.374444444,2026-06-19 04:57:18.920000000,2.545555556,1,cortexvpu-01a-005-41884872_2026-06-19_03-56-36_074722.ts,cortexvpu-01a-005-41884872_2026-06-19_03-56-36_074722.ts,104,2026-06-19 04:58:13.595,2026-06-19 04:59:55.595,-57.220555556,57.220555556,False,,,,,,False,,0.0
54,2026-06-19 04:57:49.222222222,2026-06-19 04:57:51.123333333,1.901111111,1,cortexvpu-01a-005-41884872_2026-06-19_03-57-46_926933.ts,cortexvpu-01a-005-41884872_2026-06-19_03-57-46_926933.ts,104,2026-06-19 04:58:13.595,2026-06-19 04:59:55.595,-24.372777778,24.372777778,False,,,,,,False,,0.0
55,2026-06-19 04:59:00.254444444,2026-06-19 04:59:10.501111111,10.246666667,1,cortexvpu-01a-005-41884872_2026-06-19_03-58-57_887073.ts,cortexvpu-01a-005-41884872_2026-06-19_03-58-57_887073.ts,104,2026-06-19 04:58:13.595,2026-06-19 04:59:55.595,46.659444444,46.659444444,True,104,2026-06-19 04:58:13.595,2026-06-19 04:59:55.595,46.659444444,55.340555,True,104,10.246666
56,2026-06-19 05:00:10.094444444,2026-06-19 05:00:12.833333333,2.738888889,1,cortexvpu-01a-005-41884872_2026-06-19_04-00-08_903360.ts,cortexvpu-01a-005-41884872_2026-06-19_04-00-08_903360.ts,104,2026-06-19 04:58:13.595,2026-06-19 04:59:55.595,116.499444444,116.499444444,False,,,,,,False,,0.0
57,2026-06-19 05:01:34.370000000,2026-06-19 05:01:44.906666667,10.536666667,1,cortexvpu-01a-005-41884872_2026-06-19_04-01-19_821038.ts,cortexvpu-01a-005-41884872_2026-06-19_04-01-19_821038.ts,105,2026-06-19 05:04:06.390,2026-06-19 05:04:19.390,-152.02,152.02,False,,,,,,False,,0.0
58,2026-06-19 05:03:41.662222222,2026-06-19 05:03:41.694444444,0.032222222,1,cortexvpu-01a-005-41884872_2026-06-19_04-02-30_970241.ts,cortexvpu-01a-005-41884872_2026-06-19_04-02-30_970241.ts,105,2026-06-19 05:04:06.390,2026-06-19 05:04:19.390,-24.727777778,24.727777778,False,,,,,,False,,0.0
59,2026-06-19 05:03:44.835555556,2026-06-19 05:03:46.027777778,1.192222222,1,cortexvpu-01a-005-41884872_2026-06-19_04-03-42_018463.ts,cortexvpu-01a-005-41884872_2026-06-19_04-03-42_018463.ts,105,2026-06-19 05:04:06.390,2026-06-19 05:04:19.390,-21.554444444,21.554444444,False,,,,,,False,,0.0
60,2026-06-19 05:04:51.062222222,2026-06-19 05:04:55.895555556,4.833333334,1,cortexvpu-01a-005-41884872_2026-06-19_04-04-49_264511.ts,cortexvpu-01a-005-41884872_2026-06-19_04-04-49_264511.ts,106,2026-06-19 05:04:44.454,2026-06-19 05:04:53.454,6.608222222,6.608222222,True,106,2026-06-19 05:04:44.454,2026-06-19 05:04:53.454,6.608222222,2.391777,True,106,2.391777
61,2026-06-19 05:06:02.123333333,2026-06-19 05:06:09.631111111,7.507777778,1,cortexvpu-01a-005-41884872_2026-06-19_04-05-57_935676.ts,cortexvpu-01a-005-41884872_2026-06-19_04-05-57_935676.ts,106,2026-06-19 05:04:44.454,2026-06-19 05:04:53.454,77.669333333,77.669333333,False,,,,,,False,,0.0
62,2026-06-19 05:08:11.188888889,2026-06-19 05:08:20.501111110,9.312222221,2,cortexvpu-01a-005-41884872_2026-06-19_04-07-09_050920.ts,cortexvpu-01a-005-41884872_2026-06-19_04-08-19_878715.ts,106,2026-06-19 05:04:44.454,2026-06-19 05:04:53.454,206.734888889,206.734888889,False,,,,,,False,,0.0
63,2026-06-19 05:11:17.251111111,2026-06-19 05:11:21.633333333,4.382222222,1,cortexvpu-01a-005-41884872_2026-06-19_04-10-42_180428.ts,cortexvpu-01a-005-41884872_2026-06-19_04-10-42_180428.ts,107,2026-06-19 05:15:14.711,2026-06-19 05:15:42.711,-237.459888889,237.459888889,False,,,,,,False,,0.0
64,2026-06-19 05:14:33.624444444,2026-06-19 05:14:49.864444444,16.24,1,cortexvpu-01a-005-41884872_2026-06-19_04-14-15_009330.ts,cortexvpu-01a-005-41884872_2026-06-19_04-14-15_009330.ts,107,2026-06-19 05:15:14.711,2026-06-19 05:15:42.711,-41.086555556,41.086555556,False,,,,,,False,,0.0
65,2026-06-19 05:30:04.527777778,2026-06-19 05:30:12.937777778,8.41,1,cortexvpu-01a-005-41884872_2026-06-19_04-29-17_198079.ts,cortexvpu-01a-005-41884872_2026-06-19_04-29-17_198079.ts,108,2026-06-19 05:30:25.440,2026-06-19 05:30:48.440,-20.912222222,20.912222222,False,,,,,,False,,0.0
66,2026-06-19 05:37:42.055555556,2026-06-19 05:37:48.822222222,6.766666666,1,cortexvpu-01a-005-41884872_2026-06-19_04-37-34_180410.ts,cortexvpu-01a-005-41884872_2026-06-19_04-37-34_180410.ts,108,2026-06-19 05:30:25.440,2026-06-19 05:30:48.440,436.615555556,436.615555556,False,,,,,,False,,0.0
67,2026-06-19 05:43:57.516666666,2026-06-19 05:44:02.962222222,5.445555556,1,cortexvpu-01a-005-41884872_2026-06-19_04-43-29_313721.ts,cortexvpu-01a-005-41884872_2026-06-19_04-43-29_313721.ts,109,2026-06-19 05:53:15.809,2026-06-19 05:53:27.809,-558.292333334,558.292333334,False,,,,,,False,,0.0
68,2026-06-19 05:52:53.062222222,2026-06-19 05:53:08.722222222,15.66,1,cortexvpu-01a-005-41884872_2026-06-19_04-52-51_392940.ts,cortexvpu-01a-005-41884872_2026-06-19_04-52-51_392940.ts,109,2026-06-19 05:53:15.809,2026-06-19 05:53:27.809,-22.746777778,22.746777778,False,,,,,,False,,0.0
69,2026-06-19 05:54:04.062222222,2026-06-19 05:54:05.512222222,1.45,1,cortexvpu-01a-005-41884872_2026-06-19_04-54-02_279615.ts,cortexvpu-01a-005-41884872_2026-06-19_04-54-02_279615.ts,110,2026-06-19 05:53:54.107,2026-06-19 05:54:04.107,9.955222222,9.955222222,True,110,2026-06-19 05:53:54.107,2026-06-19 05:54:04.107,9.955222222,0.044777,True,110,0.044777
70,2026-06-19 05:56:42.141111111,2026-06-19 05:56:55.964444444,13.823333333,1,cortexvpu-01a-005-41884872_2026-06-19_04-56-24_384143.ts,cortexvpu-01a-005-41884872_2026-06-19_04-56-24_384143.ts,111,2026-06-19 05:54:30.143,2026-06-19 05:55:18.143,131.998111111,131.998111111,False,,,,,,False,,0.0
71,2026-06-19 05:57:37.610000000,2026-06-19 05:57:40.896666667,3.286666667,1,cortexvpu-01a-005-41884872_2026-06-19_04-57-35_231550.ts,cortexvpu-01a-005-41884872_2026-06-19_04-57-35_231550.ts,111,2026-06-19 05:54:30.143,2026-06-19 05:55:18.143,187.467,187.467,False,,,,,,False,,0.0
72,2026-06-19 06:06:35.997777778,2026-06-19 06:06:42.571111111,6.573333333,1,cortexvpu-01a-005-41884872_2026-06-19_05-05-36_382241.ts,cortexvpu-01a-005-41884872_2026-06-19_05-05-36_382241.ts,112,2026-06-19 06:07:06.916,2026-06-19 06:07:15.916,-30.918222222,30.918222222,False,,,,,,False,,0.0
73,2026-06-19 06:06:49.062222222,2026-06-19 06:06:56.183333333,7.121111111,1,cortexvpu-01a-005-41884872_2026-06-19_05-06-47_285429.ts,cortexvpu-01a-005-41884872_2026-06-19_05-06-47_285429.ts,112,2026-06-19 06:07:06.916,2026-06-19 06:07:15.916,-17.853777778,17.853777778,False,,,,,,False,,0.0
74,2026-06-19 06:15:58.665555556,2026-06-19 06:16:01.758888889,3.093333333,1,cortexvpu-01a-005-41884872_2026-06-19_05-14-50_651611.ts,cortexvpu-01a-005-41884872_2026-06-19_05-14-50_651611.ts,114,2026-06-19 06:22:51.420,2026-06-19 06:23:08.420,-412.754444444,412.754444444,False,,,,,,False,,0.0
75,2026-06-19 06:16:02.061111111,2026-06-19 06:16:11.115555556,9.054444445,1,cortexvpu-01a-005-41884872_2026-06-19_05-15-59_505174.ts,cortexvpu-01a-005-41884872_2026-06-19_05-15-59_505174.ts,114,2026-06-19 06:22:51.420,2026-06-19 06:23:08.420,-409.358888889,409.358888889,False,,,,,,False,,0.0
76,2026-06-19 06:17:46.411111111,2026-06-19 06:17:51.953333333,5.542222222,1,cortexvpu-01a-005-41884872_2026-06-19_05-17-10_371736.ts,cortexvpu-01a-005-41884872_2026-06-19_05-17-10_371736.ts,114,2026-06-19 06:22:51.420,2026-06-19 06:23:08.420,-305.008888889,305.008888889,False,,,,,,False,,0.0
77,2026-06-19 06:22:12.527777778,2026-06-19 06:22:20.486666667,7.958888889,1,cortexvpu-01a-005-41884872_2026-06-19_05-21-54_544660.ts,cortexvpu-01a-005-41884872_2026-06-19_05-21-54_544660.ts,114,2026-06-19 06:22:51.420,2026-06-19 06:23:08.420,-38.892222222,38.892222222,False,,,,,,False,,0.0
78,2026-06-19 06:24:30.822222222,2026-06-19 06:24:41.938888889,11.116666667,1,cortexvpu-01a-005-41884872_2026-06-19_05-24-16_532165.ts,cortexvpu-01a-005-41884872_2026-06-19_05-24-16_532165.ts,114,2026-06-19 06:22:51.420,2026-06-19 06:23:08.420,99.402222222,99.402222222,False,,,,,,False,,0.0
79,2026-06-19 06:28:42.295555556,2026-06-19 06:28:52.155555556,9.86,1,cortexvpu-01a-005-41884872_2026-06-19_05-27-49_556459.ts,cortexvpu-01a-005-41884872_2026-06-19_05-27-49_556459.ts,114,2026-06-19 06:22:51.420,2026-06-19 06:23:08.420,350.875555556,350.875555556,False,,,,,,False,,0.0
80,2026-06-19 06:29:04.060000000,2026-06-19 06:29:05.993333333,1.933333333,1,cortexvpu-01a-005-41884872_2026-06-19_05-29-00_883909.ts,cortexvpu-01a-005-41884872_2026-06-19_05-29-00_883909.ts,114,2026-06-19 06:22:51.420,2026-06-19 06:23:08.420,372.64,372.64,False,,,,,,False,,0.0
81,2026-06-19 06:31:09.557777778,2026-06-19 06:31:17.903333333,8.345555555,1,cortexvpu-01a-005-41884872_2026-06-19_05-30-20_025811.ts,cortexvpu-01a-005-41884872_2026-06-19_05-30-20_025811.ts,114,2026-06-19 06:22:51.420,2026-06-19 06:23:08.420,498.137777778,498.137777778,False,,,,,,False,,0.0
82,2026-06-19 06:31:29.288888889,2026-06-19 06:31:30.932222222,1.643333333,1,cortexvpu-01a-005-41884872_2026-06-19_05-31-28_413875.ts,cortexvpu-01a-005-41884872_2026-06-19_05-31-28_413875.ts,114,2026-06-19 06:22:51.420,2026-06-19 06:23:08.420,517.868888889,517.868888889,False,,,,,,False,,0.0
83,2026-06-19 06:31:31.288888889,2026-06-19 06:31:34.865555556,3.576666667,1,cortexvpu-01a-005-41884872_2026-06-19_05-31-30_748389.ts,cortexvpu-01a-005-41884872_2026-06-19_05-31-30_748389.ts,114,2026-06-19 06:22:51.420,2026-06-19 06:23:08.420,519.868888889,519.868888889,False,,,,,,False,,0.0
84,2026-06-19 06:39:52.388888889,2026-06-19 06:39:57.576666667,5.187777778,1,cortexvpu-01a-005-41884872_2026-06-19_05-38-56_582628.ts,cortexvpu-01a-005-41884872_2026-06-19_05-38-56_582628.ts,114,2026-06-19 06:22:51.420,2026-06-19 06:23:08.420,1020.968888889,1020.968888889,False,,,,,,False,,0.0
85,2026-06-19 06:40:09.062222222,2026-06-19 06:40:10.383333333,1.321111111,1,cortexvpu-01a-005-41884872_2026-06-19_05-40-07_614492.ts,cortexvpu-01a-005-41884872_2026-06-19_05-40-07_614492.ts,114,2026-06-19 06:22:51.420,2026-06-19 06:23:08.420,1037.642222222,1037.642222222,False,,,,,,False,,0.0
86,2026-06-19 07:26:42.051111111,2026-06-19 07:27:05.380000000,23.328888889,1,cortexvpu-01a-005-41884872_2026-06-19_06-26-30_058067.ts,cortexvpu-01a-005-41884872_2026-06-19_06-26-30_058067.ts,114,2026-06-19 06:22:51.420,2026-06-19 06:23:08.420,3830.631111111,3830.631111111,False,,,,,,False,,0.0
87,2026-06-19 07:27:19.032222222,2026-06-19 07:27:20.031111111,0.998888889,1,cortexvpu-01a-005-41884872_2026-06-19_06-27-19_064511.ts,cortexvpu-01a-005-41884872_2026-06-19_06-27-19_064511.ts,114,2026-06-19 06:22:51.420,2026-06-19 06:23:08.420,3867.612222222,3867.612222222,False,,,,,,False,,0.0
88,2026-06-19 07:45:10.194444444,2026-06-19 07:45:19.120000000,8.925555556,1,cortexvpu-01a-005-41884872_2026-06-19_06-44-13_891712.ts,cortexvpu-01a-005-41884872_2026-06-19_06-44-13_891712.ts,114,2026-06-19 06:22:51.420,2026-06-19 06:23:08.420,4938.774444444,4938.774444444,False,,,,,,False,,0.0
89,2026-06-19 07:45:24.032222222,2026-06-19 07:45:25.031111111,0.998888889,1,cortexvpu-01a-005-41884872_2026-06-19_06-45-24_976221.ts,cortexvpu-01a-005-41884872_2026-06-19_06-45-24_976221.ts,114,2026-06-19 06:22:51.420,2026-06-19 06:23:08.420,4952.612222222,4952.612222222,False,,,,,,False,,0.0
90,2026-06-19 08:06:22.560000000,2026-06-19 08:06:43.407777778,20.847777778,1,cortexvpu-01a-005-41884872_2026-06-19_07-05-35_283867.ts,cortexvpu-01a-005-41884872_2026-06-19_07-05-35_283867.ts,115,2026-06-19 09:24:27.415,2026-06-19 09:25:19.415,-4684.855,4684.855,False,,,,,,False,,0.0
91,2026-06-19 08:08:08.050000000,2026-06-19 08:08:18.908888889,10.858888889,1,cortexvpu-01a-005-41884872_2026-06-19_07-07-55_096132.ts,cortexvpu-01a-005-41884872_2026-06-19_07-07-55_096132.ts,115,2026-06-19 09:24:27.415,2026-06-19 09:25:19.415,-4579.365,4579.365,False,,,,,,False,,0.0
92,2026-06-19 08:43:40.276666667,2026-06-19 08:43:41.372222222,1.095555555,1,cortexvpu-01a-005-41884872_2026-06-19_07-43-28_490322.ts,cortexvpu-01a-005-41884872_2026-06-19_07-43-28_490322.ts,115,2026-06-19 09:24:27.415,2026-06-19 09:25:19.415,-2447.138333333,2447.138333333,False,,,,,,False,,0.0
93,2026-06-19 08:44:00.094444444,2026-06-19 08:44:03.320000000,3.225555556,2,cortexvpu-01a-005-41884872_2026-06-19_07-43-58_496778.ts,cortexvpu-01a-005-41884872_2026-06-19_07-44-01_316667.ts,115,2026-06-19 09:24:27.415,2026-06-19 09:25:19.415,-2427.320555556,2427.320555556,False,,,,,,False,,0.0
94,2026-06-19 08:44:10.417777778,2026-06-19 08:44:15.734444444,5.316666666,1,cortexvpu-01a-005-41884872_2026-06-19_07-44-09_316667.ts,cortexvpu-01a-005-41884872_2026-06-19_07-44-09_316667.ts,115,2026-06-19 09:24:27.415,2026-06-19 09:25:19.415,-2416.997222222,2416.997222222,False,,,,,,False,,0.0
95,2026-06-19 08:44:19.735555556,2026-06-19 08:44:20.992222222,1.256666666,1,cortexvpu-01a-005-41884872_2026-06-19_07-44-14_496778.ts,cortexvpu-01a-005-41884872_2026-06-19_07-44-14_496778.ts,115,2026-06-19 09:24:27.415,2026-06-19 09:25:19.415,-2407.679444444,2407.679444444,False,,,,,,False,,0.0
96,2026-06-19 08:45:24.256666667,2026-06-19 08:45:25.352222222,1.095555555,1,cortexvpu-01a-005-41884872_2026-06-19_07-45-23_207232.ts,cortexvpu-01a-005-41884872_2026-06-19_07-45-23_207232.ts,115,2026-06-19 09:24:27.415,2026-06-19 09:25:19.415,-2343.158333333,2343.158333333,False,,,,,,False,,0.0
97,2026-06-19 08:46:03.417777778,2026-06-19 08:46:04.964444444,1.546666666,1,cortexvpu-01a-005-41884872_2026-06-19_07-46-02_503222.ts,cortexvpu-01a-005-41884872_2026-06-19_07-46-02_503222.ts,115,2026-06-19 09:24:27.415,2026-06-19 09:25:19.415,-2303.997222222,2303.997222222,False,,,,,,False,,0.0
98,2026-06-19 08:46:20.255555556,2026-06-19 08:46:23.832222222,3.576666666,1,cortexvpu-01a-005-41884872_2026-06-19_07-46-18_509678.ts,cortexvpu-01a-005-41884872_2026-06-19_07-46-18_509678.ts,115,2026-06-19 09:24:27.415,2026-06-19 09:25:19.415,-2287.159444444,2287.159444444,False,,,,,,False,,0.0
99,2026-06-19 08:46:55.688888889,2026-06-19 08:46:57.171111111,1.482222222,1,cortexvpu-01a-005-41884872_2026-06-19_07-46-37_333333.ts,cortexvpu-01a-005-41884872_2026-06-19_07-46-37_333333.ts,115,2026-06-19 09:24:27.415,2026-06-19 09:25:19.415,-2251.726111111,2251.726111111,False,,,,,,False,,0.0
100,2026-06-19 09:06:47.052222222,2026-06-19 09:06:50.242222222,3.19,1,cortexvpu-01a-005-41884872_2026-06-19_08-06-36_619355.ts,cortexvpu-01a-005-41884872_2026-06-19_08-06-36_619355.ts,115,2026-06-19 09:24:27.415,2026-06-19 09:25:19.415,-1060.362777778,1060.362777778,False,,,,,,False,,0.0
101,2026-06-19 09:07:06.385555556,2026-06-19 09:07:07.996666667,1.611111111,1,cortexvpu-01a-005-41884872_2026-06-19_08-07-05_625811.ts,cortexvpu-01a-005-41884872_2026-06-19_08-07-05_625811.ts,115,2026-06-19 09:24:27.415,2026-06-19 09:25:19.415,-1041.029444444,1041.029444444,False,,,,,,False,,0.0
102,2026-06-19 09:15:11.335555556,2026-06-19 09:15:28.091111111,16.755555555,1,cortexvpu-01a-005-41884872_2026-06-19_08-14-25_670967.ts,cortexvpu-01a-005-41884872_2026-06-19_08-14-25_670967.ts,115,2026-06-19 09:24:27.415,2026-06-19 09:25:19.415,-556.079444444,556.079444444,False,,,,,,False,,0.0
103,2026-06-19 09:23:47.144444444,2026-06-19 09:24:05.221111111,18.076666667,1,cortexvpu-01a-005-41884872_2026-06-19_08-23-03_524141.ts,cortexvpu-01a-005-41884872_2026-06-19_08-23-03_524141.ts,115,2026-06-19 09:24:27.415,2026-06-19 09:25:19.415,-40.270555556,40.270555556,False,,,,,,False,,0.0
104,2026-06-19 09:24:16.062222222,2026-06-19 09:24:19.993333333,3.931111111,1,cortexvpu-01a-005-41884872_2026-06-19_08-24-14_476679.ts,cortexvpu-01a-005-41884872_2026-06-19_08-24-14_476679.ts,115,2026-06-19 09:24:27.415,2026-06-19 09:25:19.415,-11.352777778,11.352777778,False,,,,,,False,,0.0
105,2026-06-19 09:44:11.157777778,2026-06-19 09:44:16.281111110,5.123333332,1,cortexvpu-01a-005-41884872_2026-06-19_08-43-10_715128.ts,cortexvpu-01a-005-41884872_2026-06-19_08-43-10_715128.ts,116,2026-06-19 09:59:37.178,2026-06-19 10:00:06.178,-926.020222222,926.020222222,False,,,,,,False,,0.0
106,2026-06-19 09:58:55.500000000,2026-06-19 09:59:06.916666667,11.416666667,1,cortexvpu-01a-005-41884872_2026-06-19_08-58-28_840269.ts,cortexvpu-01a-005-41884872_2026-06-19_08-58-28_840269.ts,116,2026-06-19 09:59:37.178,2026-06-19 10:00:06.178,-41.678,41.678,False,,,,,,False,,0.0
107,2026-06-19 10:01:08.166666667,2026-06-19 10:01:16.000000000,7.833333333,1,cortexvpu-01a-005-41884872_2026-06-19_09-00-52_902596.ts,cortexvpu-01a-005-41884872_2026-06-19_09-00-52_902596.ts,116,2026-06-19 09:59:37.178,2026-06-19 10:00:06.178,90.988666667,90.988666667,False,,,,,,False,,0.0
108,2026-06-19 10:19:04.000000000,2026-06-19 10:19:09.750000000,5.75,1,cortexvpu-01a-005-41884872_2026-06-19_09-18-59_591494.ts,cortexvpu-01a-005-41884872_2026-06-19_09-18-59_591494.ts,116,2026-06-19 09:59:37.178,2026-06-19 10:00:06.178,1166.822,1166.822,False,,,,,,False,,0.0
109,2026-06-19 10:29:19.583333333,2026-06-19 10:29:31.416666667,11.833333334,1,cortexvpu-01a-005-41884872_2026-06-19_09-29-14_563219.ts,cortexvpu-01a-005-41884872_2026-06-19_09-29-14_563219.ts,117,2026-06-19 10:47:58.705,2026-06-19 10:48:34.705,-1119.121666667,1119.121666667,False,,,,,,False,,0.0
110,2026-06-19 10:46:31.500000000,2026-06-19 10:46:36.333333333,4.833333333,2,cortexvpu-01a-005-41884872_2026-06-19_09-45-54_679689.ts,cortexvpu-01a-005-41884872_2026-06-19_09-46-35_577051.ts,117,2026-06-19 10:47:58.705,2026-06-19 10:48:34.705,-87.205,87.205,False,,,,,,False,,0.0
111,2026-06-19 10:46:48.166666667,2026-06-19 10:46:52.333333333,4.166666666,1,cortexvpu-01a-005-41884872_2026-06-19_09-46-48_900000.ts,cortexvpu-01a-005-41884872_2026-06-19_09-46-48_900000.ts,117,2026-06-19 10:47:58.705,2026-06-19 10:48:34.705,-70.538333333,70.538333333,False,,,,,,False,,0.0
112,2026-06-19 10:47:27.166666667,2026-06-19 10:47:34.416666667,7.25,1,cortexvpu-01a-005-41884872_2026-06-19_09-47-27_645206.ts,cortexvpu-01a-005-41884872_2026-06-19_09-47-27_645206.ts,117,2026-06-19 10:47:58.705,2026-06-19 10:48:34.705,-31.538333333,31.538333333,False,,,,,,False,,0.0
113,2026-06-19 10:59:33.250000000,2026-06-19 10:59:46.250000000,13.0,1,cortexvpu-01a-005-41884872_2026-06-19_09-59-14_567153.ts,cortexvpu-01a-005-41884872_2026-06-19_09-59-14_567153.ts,118,2026-06-19 11:00:26.633,2026-06-19 11:00:48.633,-53.383,53.383,False,,,,,,False,,0.0
114,2026-06-19 11:28:38.916666667,2026-06-19 11:28:42.916666667,4.0,1,cortexvpu-01a-005-41884872_2026-06-19_10-26-59_681586.ts,cortexvpu-01a-005-41884872_2026-06-19_10-26-59_681586.ts,119,2026-06-19 11:29:28.470,2026-06-19 11:29:59.470,-49.553333333,49.553333333,False,,,,,,False,,0.0
115,2026-06-19 11:28:56.916666667,2026-06-19 11:28:59.833333333,2.916666666,1,cortexvpu-01a-005-41884872_2026-06-19_10-28-55_633641.ts,cortexvpu-01a-005-41884872_2026-06-19_10-28-55_633641.ts,119,2026-06-19 11:29:28.470,2026-06-19 11:29:59.470,-31.553333333,31.553333333,False,,,,,,False,,0.0
116,2026-06-19 11:39:34.916666667,2026-06-19 11:39:39.666666667,4.75,1,cortexvpu-01a-005-41884872_2026-06-19_10-38-35_581824.ts,cortexvpu-01a-005-41884872_2026-06-19_10-38-35_581824.ts,119,2026-06-19 11:29:28.470,2026-06-19 11:29:59.470,606.446666667,606.446666667,False,,,,,,False,,0.0
117,2026-06-19 11:48:11.250000000,2026-06-19 11:48:16.500000000,5.25,1,cortexvpu-01a-005-41884872_2026-06-19_10-46-59_672629.ts,cortexvpu-01a-005-41884872_2026-06-19_10-46-59_672629.ts,119,2026-06-19 11:29:28.470,2026-06-19 11:29:59.470,1122.78,1122.78,False,,,,,,False,,0.0
118,2026-06-19 12:00:22.666666667,2026-06-19 12:00:24.833333333,2.166666666,1,cortexvpu-01a-005-41884872_2026-06-19_10-59-43_033333.ts,cortexvpu-01a-005-41884872_2026-06-19_10-59-43_033333.ts,120,2026-06-19 12:22:03.263,2026-06-19 12:23:00.263,-1300.596333333,1300.596333333,False,,,,,,False,,0.0
119,2026-06-19 12:03:11.750000000,2026-06-19 12:03:47.166666667,35.416666667,1,cortexvpu-01a-005-41884872_2026-06-19_11-02-58_900000.ts,cortexvpu-01a-005-41884872_2026-06-19_11-02-58_900000.ts,120,2026-06-19 12:22:03.263,2026-06-19 12:23:00.263,-1131.513,1131.513,False,,,,,,False,,0.0
120,2026-06-19 12:04:20.166666667,2026-06-19 12:04:32.916666667,12.75,1,cortexvpu-01a-005-41884872_2026-06-19_11-04-03_900000.ts,cortexvpu-01a-005-41884872_2026-06-19_11-04-03_900000.ts,120,2026-06-19 12:22:03.263,2026-06-19 12:23:00.263,-1063.096333333,1063.096333333,False,,,,,,False,,0.0
121,2026-06-19 12:05:24.250000000,2026-06-19 12:05:26.666666667,2.416666667,1,cortexvpu-01a-005-41884872_2026-06-19_11-05-24_900000.ts,cortexvpu-01a-005-41884872_2026-06-19_11-05-24_900000.ts,120,2026-06-19 12:22:03.263,2026-06-19 12:23:00.263,-999.013,999.013,False,,,,,,False,,0.0
122,2026-06-19 12:05:40.166666667,2026-06-19 12:05:41.833333333,1.666666666,1,cortexvpu-01a-005-41884872_2026-06-19_11-05-39_050000.ts,cortexvpu-01a-005-41884872_2026-06-19_11-05-39_050000.ts,120,2026-06-19 12:22:03.263,2026-06-19 12:23:00.263,-983.096333333,983.096333333,False,,,,,,False,,0.0
123,2026-06-19 12:06:12.166666667,2026-06-19 12:06:14.333333333,2.166666666,1,cortexvpu-01a-005-41884872_2026-06-19_11-06-12_900000.ts,cortexvpu-01a-005-41884872_2026-06-19_11-06-12_900000.ts,120,2026-06-19 12:22:03.263,2026-06-19 12:23:00.263,-951.096333333,951.096333333,False,,,,,,False,,0.0
124,2026-06-19 12:07:13.166666667,2026-06-19 12:07:15.583333333,2.416666666,1,cortexvpu-01a-005-41884872_2026-06-19_11-07-13_900000.ts,cortexvpu-01a-005-41884872_2026-06-19_11-07-13_900000.ts,120,2026-06-19 12:22:03.263,2026-06-19 12:23:00.263,-890.096333333,890.096333333,False,,,,,,False,,0.0
125,2026-06-19 12:21:14.666666667,2026-06-19 12:21:18.333333333,3.666666666,1,cortexvpu-01a-005-41884872_2026-06-19_11-20-06_066667.ts,cortexvpu-01a-005-41884872_2026-06-19_11-20-06_066667.ts,120,2026-06-19 12:22:03.263,2026-06-19 12:23:00.263,-48.596333333,48.596333333,False,,,,,,False,,0.0
126,2026-06-19 12:22:23.750000000,2026-06-19 12:22:25.833333333,2.083333333,1,cortexvpu-01a-005-41884872_2026-06-19_11-21-59_669440.ts,cortexvpu-01a-005-41884872_2026-06-19_11-21-59_669440.ts,120,2026-06-19 12:22:03.263,2026-06-19 12:23:00.263,20.487,20.487,True,120,2026-06-19 12:22:03.263,2026-06-19 12:23:00.263,20.487,36.513,True,120,2.083333
127,2026-06-19 12:31:56.666666667,2026-06-19 12:32:04.416666667,7.75,2,cortexvpu-01a-005-41884872_2026-06-19_11-30-07_756523.ts,cortexvpu-01a-005-41884872_2026-06-19_11-32-03_669570.ts,120,2026-06-19 12:22:03.263,2026-06-19 12:23:00.263,593.403666667,593.403666667,False,,,,,,False,,0.0
128,2026-06-19 12:36:10.250000000,2026-06-19 12:36:19.666666667,9.416666667,1,cortexvpu-01a-005-41884872_2026-06-19_11-35-55_672958.ts,cortexvpu-01a-005-41884872_2026-06-19_11-35-55_672958.ts,120,2026-06-19 12:22:03.263,2026-06-19 12:23:00.263,846.987,846.987,False,,,,,,False,,0.0
129,2026-06-19 12:42:43.916666667,2026-06-19 12:43:03.000000000,19.083333333,1,cortexvpu-01a-005-41884872_2026-06-19_11-41-43_735809.ts,cortexvpu-01a-005-41884872_2026-06-19_11-41-43_735809.ts,121,2026-06-19 13:01:30.552,2026-06-19 13:02:16.552,-1126.635333333,1126.635333333,False,,,,,,False,,0.0
130,2026-06-19 12:43:45.166666667,2026-06-19 12:43:47.500000000,2.333333333,1,cortexvpu-01a-005-41884872_2026-06-19_11-43-45_100000.ts,cortexvpu-01a-005-41884872_2026-06-19_11-43-45_100000.ts,121,2026-06-19 13:01:30.552,2026-06-19 13:02:16.552,-1065.385333333,1065.385333333,False,,,,,,False,,0.0
131,2026-06-19 12:43:53.250000000,2026-06-19 12:44:04.333333333,11.083333333,3,cortexvpu-01a-005-41884872_2026-06-19_11-43-49_100000.ts,cortexvpu-01a-005-41884872_2026-06-19_11-44-00_100000.ts,121,2026-06-19 13:01:30.552,2026-06-19 13:02:16.552,-1057.302,1057.302,False,,,,,,False,,0.0
132,2026-06-19 12:46:02.750000000,2026-06-19 12:46:03.916666667,1.166666667,1,cortexvpu-01a-005-41884872_2026-06-19_11-45-53_685450.ts,cortexvpu-01a-005-41884872_2026-06-19_11-45-53_685450.ts,121,2026-06-19 13:01:30.552,2026-06-19 13:02:16.552,-927.802,927.802,False,,,,,,False,,0.0
133,2026-06-19 12:46:38.166666667,2026-06-19 12:46:42.250000000,4.083333333,1,cortexvpu-01a-005-41884872_2026-06-19_11-46-38_100000.ts,cortexvpu-01a-005-41884872_2026-06-19_11-46-38_100000.ts,121,2026-06-19 13:01:30.552,2026-06-19 13:02:16.552,-892.385333333,892.385333333,False,,,,,,False,,0.0
134,2026-06-19 12:51:42.000000000,2026-06-19 12:51:52.416666667,10.416666667,1,cortexvpu-01a-005-41884872_2026-06-19_11-50-27_708894.ts,cortexvpu-01a-005-41884872_2026-06-19_11-50-27_708894.ts,121,2026-06-19 13:01:30.552,2026-06-19 13:02:16.552,-588.552,588.552,False,,,,,,False,,0.0
135,2026-06-19 12:54:38.750000000,2026-06-19 12:54:55.500000000,16.75,1,cortexvpu-01a-005-41884872_2026-06-19_11-54-19_746414.ts,cortexvpu-01a-005-41884872_2026-06-19_11-54-19_746414.ts,121,2026-06-19 13:01:30.552,2026-06-19 13:02:16.552,-411.802,411.802,False,,,,,,False,,0.0
136,2026-06-19 13:00:49.166666667,2026-06-19 13:01:00.333333333,11.166666666,1,cortexvpu-01a-005-41884872_2026-06-19_11-59-57_720287.ts,cortexvpu-01a-005-41884872_2026-06-19_11-59-57_720287.ts,121,2026-06-19 13:01:30.552,2026-06-19 13:02:16.552,-41.385333333,41.385333333,False,,,,,,False,,0.0
137,2026-06-19 13:07:58.416666667,2026-06-19 13:08:05.250000000,6.833333333,1,cortexvpu-01a-005-41884872_2026-06-19_12-07-18_776642.ts,cortexvpu-01a-005-41884872_2026-06-19_12-07-18_776642.ts,122,2026-06-19 13:10:13.714,2026-06-19 13:11:25.714,-135.297333333,135.297333333,False,,,,,,False,,0.0
138,2026-06-19 13:09:37.750000000,2026-06-19 13:09:52.250000000,14.5,1,cortexvpu-01a-005-41884872_2026-06-19_12-09-14_766334.ts,cortexvpu-01a-005-41884872_2026-06-19_12-09-14_766334.ts,122,2026-06-19 13:10:13.714,2026-06-19 13:11:25.714,-35.964,35.964,False,,,,,,False,,0.0
139,2026-06-19 13:21:15.166666667,2026-06-19 13:21:26.416666667,11.25,1,cortexvpu-01a-005-41884872_2026-06-19_12-20-21_699931.ts,cortexvpu-01a-005-41884872_2026-06-19_12-20-21_699931.ts,123,2026-06-19 13:28:04.968,2026-06-19 13:29:55.968,-409.801333333,409.801333333,False,,,,,,False,,0.0
140,2026-06-19 13:22:17.166666667,2026-06-19 13:22:20.916666667,3.75,1,cortexvpu-01a-005-41884872_2026-06-19_12-22-17_727490.ts,cortexvpu-01a-005-41884872_2026-06-19_12-22-17_727490.ts,123,2026-06-19 13:28:04.968,2026-06-19 13:29:55.968,-347.801333333,347.801333333,False,,,,,,False,,0.0
141,2026-06-19 13:27:28.666666667,2026-06-19 13:27:47.250000000,18.583333333,1,cortexvpu-01a-005-41884872_2026-06-19_12-26-09_772049.ts,cortexvpu-01a-005-41884872_2026-06-19_12-26-09_772049.ts,123,2026-06-19 13:28:04.968,2026-06-19 13:29:55.968,-36.301333333,36.301333333,False,,,,,,False,,0.0
142,2026-06-19 13:28:05.166666667,2026-06-19 13:28:08.166666667,3.0,1,cortexvpu-01a-005-41884872_2026-06-19_12-28-05_661644.ts,cortexvpu-01a-005-41884872_2026-06-19_12-28-05_661644.ts,123,2026-06-19 13:28:04.968,2026-06-19 13:29:55.968,0.198666667,0.198666667,True,123,2026-06-19 13:28:04.968,2026-06-19 13:29:55.968,0.198666667,110.801333,True,123,3.0
143,2026-06-19 13:28:34.166666667,2026-06-19 13:28:37.916666667,3.75,1,cortexvpu-01a-005-41884872_2026-06-19_12-28-34_150000.ts,cortexvpu-01a-005-41884872_2026-06-19_12-28-34_150000.ts,123,2026-06-19 13:28:04.968,2026-06-19 13:29:55.968,29.198666667,29.198666667,True,123,2026-06-19 13:28:04.968,2026-06-19 13:29:55.968,29.198666667,81.801333,True,123,3.75
144,2026-06-19 13:30:27.166666667,2026-06-19 13:30:31.916666667,4.75,1,cortexvpu-01a-005-41884872_2026-06-19_12-30-27_755517.ts,cortexvpu-01a-005-41884872_2026-06-19_12-30-27_755517.ts,124,2026-06-19 13:31:32.355,2026-06-19 13:33:15.355,-65.188333333,65.188333333,False,,,,,,False,,0.0
145,2026-06-19 13:31:24.166666667,2026-06-19 13:31:32.333333333,8.166666666,1,cortexvpu-01a-005-41884872_2026-06-19_12-31-23_166667.ts,cortexvpu-01a-005-41884872_2026-06-19_12-31-23_166667.ts,124,2026-06-19 13:31:32.355,2026-06-19 13:33:15.355,-8.188333333,8.188333333,False,,,,,,False,,0.0
146,2026-06-19 13:31:35.166666667,2026-06-19 13:31:37.916666667,2.75,1,cortexvpu-01a-005-41884872_2026-06-19_12-31-35_933333.ts,cortexvpu-01a-005-41884872_2026-06-19_12-31-35_933333.ts,124,2026-06-19 13:31:32.355,2026-06-19 13:33:15.355,2.811666667,2.811666667,True,124,2026-06-19 13:31:32.355,2026-06-19 13:33:15.355,2.811666667,100.188333,True,124,2.75
147,2026-06-19 13:40:28.583333333,2026-06-19 13:40:39.083333333,10.5,1,cortexvpu-01a-005-41884872_2026-06-19_12-39-53_774504.ts,cortexvpu-01a-005-41884872_2026-06-19_12-39-53_774504.ts,126,2026-06-19 13:41:13.472,2026-06-19 13:42:47.472,-44.888666667,44.888666667,False,,,,,,False,,0.0
148,2026-06-19 13:41:49.166666667,2026-06-19 13:41:52.083333333,2.916666666,1,cortexvpu-01a-005-41884872_2026-06-19_12-41-49_723059.ts,cortexvpu-01a-005-41884872_2026-06-19_12-41-49_723059.ts,126,2026-06-19 13:41:13.472,2026-06-19 13:42:47.472,35.694666667,35.694666667,True,126,2026-06-19 13:41:13.472,2026-06-19 13:42:47.472,35.694666667,58.305333,True,126,2.916666
149,2026-06-19 13:45:44.916666667,2026-06-19 13:45:50.333333333,5.416666666,1,cortexvpu-01a-005-41884872_2026-06-19_12-45-21_900000.ts,cortexvpu-01a-005-41884872_2026-06-19_12-45-21_900000.ts,127,2026-06-19 13:47:20.369,2026-06-19 13:49:18.369,-95.452333333,95.452333333,False,,,,,,False,,0.0
150,2026-06-19 13:47:14.166666667,2026-06-19 13:47:15.416666667,1.25,1,cortexvpu-01a-005-41884872_2026-06-19_12-47-14_776702.ts,cortexvpu-01a-005-41884872_2026-06-19_12-47-14_776702.ts,127,2026-06-19 13:47:20.369,2026-06-19 13:49:18.369,-6.202333333,6.202333333,False,,,,,,False,,0.0
151,2026-06-19 13:47:42.166666667,2026-06-19 13:47:50.916666667,8.75,1,cortexvpu-01a-005-41884872_2026-06-19_12-47-42_183333.ts,cortexvpu-01a-005-41884872_2026-06-19_12-47-42_183333.ts,127,2026-06-19 13:47:20.369,2026-06-19 13:49:18.369,21.797666667,21.797666667,True,127,2026-06-19 13:47:20.369,2026-06-19 13:49:18.369,21.797666667,96.202333,True,127,8.75
152,2026-06-19 13:48:01.166666667,2026-06-19 13:48:04.166666667,3.0,1,cortexvpu-01a-005-41884872_2026-06-19_12-48-01_900000.ts,cortexvpu-01a-005-41884872_2026-06-19_12-48-01_900000.ts,127,2026-06-19 13:47:20.369,2026-06-19 13:49:18.369,40.797666667,40.797666667,True,127,2026-06-19 13:47:20.369,2026-06-19 13:49:18.369,40.797666667,77.202333,True,127,3.0
153,2026-06-19 13:54:27.833333333,2026-06-19 13:54:44.500000000,16.666666667,1,cortexvpu-01a-005-41884872_2026-06-19_12-53-46_759612.ts,cortexvpu-01a-005-41884872_2026-06-19_12-53-46_759612.ts,127,2026-06-19 13:47:20.369,2026-06-19 13:49:18.369,427.464333333,427.464333333,False,,,,,,False,,0.0
154,2026-06-19 13:55:58.333333333,2026-06-19 13:56:08.916666667,10.583333334,1,cortexvpu-01a-005-41884872_2026-06-19_12-55-42_785232.ts,cortexvpu-01a-005-41884872_2026-06-19_12-55-42_785232.ts,127,2026-06-19 13:47:20.369,2026-06-19 13:49:18.369,517.964333333,517.964333333,False,,,,,,False,,0.0
155,2026-06-19 13:57:29.166666667,2026-06-19 13:57:43.083333333,13.916666666,3,cortexvpu-01a-005-41884872_2026-06-19_12-57-29_200000.ts,cortexvpu-01a-005-41884872_2026-06-19_12-57-38_200000.ts,127,2026-06-19 13:47:20.369,2026-06-19 13:49:18.369,608.797666667,608.797666667,False,,,,,,False,,0.0
156,2026-06-19 13:59:21.166666667,2026-06-19 13:59:26.166666667,5.0,1,cortexvpu-01a-005-41884872_2026-06-19_12-59-21_200000.ts,cortexvpu-01a-005-41884872_2026-06-19_12-59-21_200000.ts,127,2026-06-19 13:47:20.369,2026-06-19 13:49:18.369,720.797666667,720.797666667,False,,,,,,False,,0.0
157,2026-06-19 13:59:30.166666667,2026-06-19 13:59:32.000000000,1.833333333,1,cortexvpu-01a-005-41884872_2026-06-19_12-59-30_200000.ts,cortexvpu-01a-005-41884872_2026-06-19_12-59-30_200000.ts,127,2026-06-19 13:47:20.369,2026-06-19 13:49:18.369,729.797666667,729.797666667,False,,,,,,False,,0.0
158,2026-06-19 13:59:45.166666667,2026-06-19 13:59:50.250000000,5.083333333,2,cortexvpu-01a-005-41884872_2026-06-19_12-59-45_200000.ts,cortexvpu-01a-005-41884872_2026-06-19_12-59-33_200000.ts,127,2026-06-19 13:47:20.369,2026-06-19 13:49:18.369,744.797666667,744.797666667,False,,,,,,False,,0.0
159,2026-06-19 13:59:53.166666667,2026-06-19 13:59:56.750000000,3.583333333,1,cortexvpu-01a-005-41884872_2026-06-19_12-59-53_933333.ts,cortexvpu-01a-005-41884872_2026-06-19_12-59-53_933333.ts,127,2026-06-19 13:47:20.369,2026-06-19 13:49:18.369,752.797666667,752.797666667,False,,,,,,False,,0.0
160,2026-06-19 14:00:18.166666667,2026-06-19 14:00:21.166666667,3.0,1,cortexvpu-01a-005-41884872_2026-06-19_13-00-18_900000.ts,cortexvpu-01a-005-41884872_2026-06-19_13-00-18_900000.ts,127,2026-06-19 13:47:20.369,2026-06-19 13:49:18.369,777.797666667,777.797666667,False,,,,,,False,,0.0
161,2026-06-19 14:17:31.166666667,2026-06-19 14:17:44.166666667,13.0,1,cortexvpu-01a-005-41884872_2026-06-19_13-17-18_821097.ts,cortexvpu-01a-005-41884872_2026-06-19_13-17-18_821097.ts,128,2026-06-19 14:18:22.154,2026-06-19 14:20:56.154,-50.987333333,50.987333333,False,,,,,,False,,0.0
162,2026-06-19 14:18:22.166666667,2026-06-19 14:18:28.583333333,6.416666666,1,cortexvpu-01a-005-41884872_2026-06-19_13-18-22_900000.ts,cortexvpu-01a-005-41884872_2026-06-19_13-18-22_900000.ts,128,2026-06-19 14:18:22.154,2026-06-19 14:20:56.154,0.012666667,0.012666667,True,128,2026-06-19 14:18:22.154,2026-06-19 14:20:56.154,0.012666667,153.987333,True,128,6.416666
163,2026-06-19 14:19:05.166666667,2026-06-19 14:19:08.333333333,3.166666666,1,cortexvpu-01a-005-41884872_2026-06-19_13-19-05_933333.ts,cortexvpu-01a-005-41884872_2026-06-19_13-19-05_933333.ts,128,2026-06-19 14:18:22.154,2026-06-19 14:20:56.154,43.012666667,43.012666667,True,128,2026-06-19 14:18:22.154,2026-06-19 14:20:56.154,43.012666667,110.987333,True,128,3.166666
164,2026-06-19 14:19:51.166666667,2026-06-19 14:19:53.750000000,2.583333333,1,cortexvpu-01a-005-41884872_2026-06-19_13-19-51_900000.ts,cortexvpu-01a-005-41884872_2026-06-19_13-19-51_900000.ts,128,2026-06-19 14:18:22.154,2026-06-19 14:20:56.154,89.012666667,89.012666667,True,128,2026-06-19 14:18:22.154,2026-06-19 14:20:56.154,89.012666667,64.987333,True,128,2.583333
165,2026-06-19 14:23:38.916666667,2026-06-19 14:23:44.250000000,5.333333333,1,cortexvpu-01a-005-41884872_2026-06-19_13-22-18_900000.ts,cortexvpu-01a-005-41884872_2026-06-19_13-22-18_900000.ts,129,2026-06-19 14:24:26.805,2026-06-19 14:24:53.805,-47.888333333,47.888333333,False,,,,,,False,,0.0
166,2026-06-19 14:30:39.583333333,2026-06-19 14:30:59.166666667,19.583333334,1,cortexvpu-01a-005-41884872_2026-06-19_13-29-59_917591.ts,cortexvpu-01a-005-41884872_2026-06-19_13-29-59_917591.ts,130,2026-06-19 14:31:30.673,2026-06-19 14:34:15.673,-51.089666667,51.089666667,False,,,,,,False,,0.0
167,2026-06-19 14:31:51.166666667,2026-06-19 14:31:53.666666667,2.5,1,cortexvpu-01a-005-41884872_2026-06-19_13-31-51_250000.ts,cortexvpu-01a-005-41884872_2026-06-19_13-31-51_250000.ts,130,2026-06-19 14:31:30.673,2026-06-19 14:34:15.673,20.493666667,20.493666667,True,130,2026-06-19 14:31:30.673,2026-06-19 14:34:15.673,20.493666667,144.506333,True,130,2.5
168,2026-06-19 14:31:58.166666667,2026-06-19 14:32:06.750000000,8.583333333,1,cortexvpu-01a-005-41884872_2026-06-19_13-31-58_250000.ts,cortexvpu-01a-005-41884872_2026-06-19_13-31-58_250000.ts,130,2026-06-19 14:31:30.673,2026-06-19 14:34:15.673,27.493666667,27.493666667,True,130,2026-06-19 14:31:30.673,2026-06-19 14:34:15.673,27.493666667,137.506333,True,130,8.583333
169,2026-06-19 14:32:28.166666667,2026-06-19 14:32:31.000000000,2.833333333,1,cortexvpu-01a-005-41884872_2026-06-19_13-32-28_900000.ts,cortexvpu-01a-005-41884872_2026-06-19_13-32-28_900000.ts,130,2026-06-19 14:31:30.673,2026-06-19 14:34:15.673,57.493666667,57.493666667,True,130,2026-06-19 14:31:30.673,2026-06-19 14:34:15.673,57.493666667,107.506333,True,130,2.833333
170,2026-06-19 14:36:44.583333333,2026-06-19 14:36:56.666666667,12.083333334,1,cortexvpu-01a-005-41884872_2026-06-19_13-36-17_823189.ts,cortexvpu-01a-005-41884872_2026-06-19_13-36-17_823189.ts,130,2026-06-19 14:31:30.673,2026-06-19 14:34:15.673,313.910333333,313.910333333,False,,,,,,False,,0.0
171,2026-06-19 14:38:20.250000000,2026-06-19 14:38:22.666666667,2.416666667,1,cortexvpu-01a-005-41884872_2026-06-19_13-38-13_859589.ts,cortexvpu-01a-005-41884872_2026-06-19_13-38-13_859589.ts,131,2026-06-19 14:43:11.738,2026-06-19 14:44:36.738,-291.488,291.488,False,,,,,,False,,0.0
172,2026-06-19 14:39:39.166666667,2026-06-19 14:39:42.583333333,3.416666666,1,cortexvpu-01a-005-41884872_2026-06-19_13-39-39_966667.ts,cortexvpu-01a-005-41884872_2026-06-19_13-39-39_966667.ts,131,2026-06-19 14:43:11.738,2026-06-19 14:44:36.738,-212.571333333,212.571333333,False,,,,,,False,,0.0
173,2026-06-19 14:40:06.166666667,2026-06-19 14:40:08.916666667,2.75,1,cortexvpu-01a-005-41884872_2026-06-19_13-40-06_250000.ts,cortexvpu-01a-005-41884872_2026-06-19_13-40-06_250000.ts,131,2026-06-19 14:43:11.738,2026-06-19 14:44:36.738,-185.571333333,185.571333333,False,,,,,,False,,0.0
174,2026-06-19 14:52:33.833333333,2026-06-19 14:52:42.333333333,8.5,1,cortexvpu-01a-005-41884872_2026-06-19_13-52-19_874582.ts,cortexvpu-01a-005-41884872_2026-06-19_13-52-19_874582.ts,133,2026-06-19 14:53:19.827,2026-06-19 14:54:33.827,-45.993666667,45.993666667,False,,,,,,False,,0.0
175,2026-06-19 14:53:32.166666667,2026-06-19 14:53:35.166666667,3.0,1,cortexvpu-01a-005-41884872_2026-06-19_13-53-32_900000.ts,cortexvpu-01a-005-41884872_2026-06-19_13-53-32_900000.ts,133,2026-06-19 14:53:19.827,2026-06-19 14:54:33.827,12.339666667,12.339666667,True,133,2026-06-19 14:53:19.827,2026-06-19 14:54:33.827,12.339666667,61.660333,True,133,3.0
176,2026-06-19 14:56:58.666666667,2026-06-19 14:57:10.500000000,11.833333333,1,cortexvpu-01a-005-41884872_2026-06-19_13-55-25_943526.ts,cortexvpu-01a-005-41884872_2026-06-19_13-55-25_943526.ts,134,2026-06-19 14:57:47.430,2026-06-19 14:59:36.430,-48.763333333,48.763333333,False,,,,,,False,,0.0
177,2026-06-19 14:57:21.166666667,2026-06-19 14:57:22.916666667,1.75,1,cortexvpu-01a-005-41884872_2026-06-19_13-57-21_814112.ts,cortexvpu-01a-005-41884872_2026-06-19_13-57-21_814112.ts,134,2026-06-19 14:57:47.430,2026-06-19 14:59:36.430,-26.263333333,26.263333333,False,,,,,,False,,0.0
178,2026-06-19 15:07:03.083333333,2026-06-19 15:07:19.833333333,16.75,1,cortexvpu-01a-005-41884872_2026-06-19_14-07-01_945370.ts,cortexvpu-01a-005-41884872_2026-06-19_14-07-01_945370.ts,135,2026-06-19 15:07:55.753,2026-06-19 15:09:58.753,-52.669666667,52.669666667,False,,,,,,False,,0.0
179,2026-06-19 15:08:57.166666667,2026-06-19 15:08:58.583333333,1.416666666,1,cortexvpu-01a-005-41884872_2026-06-19_14-08-57_886853.ts,cortexvpu-01a-005-41884872_2026-06-19_14-08-57_886853.ts,135,2026-06-19 15:07:55.753,2026-06-19 15:09:58.753,61.413666667,61.413666667,True,135,2026-06-19 15:07:55.753,2026-06-19 15:09:58.753,61.413666667,61.586333,True,135,1.416666
180,2026-06-19 15:08:59.166666667,2026-06-19 15:09:01.583333333,2.416666666,1,cortexvpu-01a-005-41884872_2026-06-19_14-08-59_316667.ts,cortexvpu-01a-005-41884872_2026-06-19_14-08-59_316667.ts,135,2026-06-19 15:07:55.753,2026-06-19 15:09:58.753,63.413666667,63.413666667,True,135,2026-06-19 15:07:55.753,2026-06-19 15:09:58.753,63.413666667,59.586333,True,135,2.416666
181,2026-06-19 15:13:05.333333333,2026-06-19 15:13:27.583333333,22.25,1,cortexvpu-01a-005-41884872_2026-06-19_14-12-48_915643.ts,cortexvpu-01a-005-41884872_2026-06-19_14-12-48_915643.ts,135,2026-06-19 15:07:55.753,2026-06-19 15:09:58.753,309.580333333,309.580333333,False,,,,,,False,,0.0
182,2026-06-19 15:14:45.166666667,2026-06-19 15:14:46.916666667,1.75,1,cortexvpu-01a-005-41884872_2026-06-19_14-14-45_004644.ts,cortexvpu-01a-005-41884872_2026-06-19_14-14-45_004644.ts,135,2026-06-19 15:07:55.753,2026-06-19 15:09:58.753,409.413666667,409.413666667,False,,,,,,False,,0.0
183,2026-06-19 15:15:06.166666667,2026-06-19 15:15:18.666666667,12.5,2,cortexvpu-01a-005-41884872_2026-06-19_14-15-05_316667.ts,cortexvpu-01a-005-41884872_2026-06-19_14-15-16_316667.ts,135,2026-06-19 15:07:55.753,2026-06-19 15:09:58.753,430.413666667,430.413666667,False,,,,,,False,,0.0
184,2026-06-19 15:17:10.166666667,2026-06-19 15:17:23.750000000,13.583333333,1,cortexvpu-01a-005-41884872_2026-06-19_14-17-09_945733.ts,cortexvpu-01a-005-41884872_2026-06-19_14-17-09_945733.ts,135,2026-06-19 15:07:55.753,2026-06-19 15:09:58.753,554.413666667,554.413666667,False,,,,,,False,,0.0
185,2026-06-19 15:35:52.500000000,2026-06-19 15:35:59.916666667,7.416666667,1,cortexvpu-01a-005-41884872_2026-06-19_14-35-13_947515.ts,cortexvpu-01a-005-41884872_2026-06-19_14-35-13_947515.ts,135,2026-06-19 15:07:55.753,2026-06-19 15:09:58.753,1676.747,1676.747,False,,,,,,False,,0.0
186,2026-06-19 16:23:49.166666667,2026-06-19 16:24:11.583333333,22.416666666,1,cortexvpu-01a-005-41884872_2026-06-19_15-22-57_017063.ts,cortexvpu-01a-005-41884872_2026-06-19_15-22-57_017063.ts,136,2026-06-19 16:23:28.497,2026-06-19 16:23:52.497,20.669666667,20.669666667,True,136,2026-06-19 16:23:28.497,2026-06-19 16:23:52.497,20.669666667,3.330333,True,136,3.330333
187,2026-06-19 16:29:31.500000000,2026-06-19 16:29:45.250000000,13.75,2,cortexvpu-01a-005-41884872_2026-06-19_15-29-29_450000.ts,cortexvpu-01a-005-41884872_2026-06-19_15-28-03_933333.ts,139,2026-06-19 16:29:56.329,2026-06-19 16:31:23.329,-24.829,24.829,False,,,,,,False,,0.0
188,2026-06-19 16:33:52.166666667,2026-06-19 16:33:53.666666667,1.5,1,cortexvpu-01a-005-41884872_2026-06-19_15-33-19_090601.ts,cortexvpu-01a-005-41884872_2026-06-19_15-33-19_090601.ts,140,2026-06-19 16:34:16.132,2026-06-19 16:35:07.132,-23.965333333,23.965333333,False,,,,,,False,,0.0
189,2026-06-19 16:54:34.166666667,2026-06-19 16:55:29.333333333,55.166666666,1,cortexvpu-01a-005-41884872_2026-06-19_15-54-20_060566.ts,cortexvpu-01a-005-41884872_2026-06-19_15-54-20_060566.ts,143,2026-06-19 16:54:15.166,2026-06-19 16:56:59.166,19.000666667,19.000666667,True,143,2026-06-19 16:54:15.166,2026-06-19 16:56:59.166,19.000666667,144.999333,True,143,55.166666
190,2026-06-19 16:56:24.583333333,2026-06-19 16:56:32.750000000,8.166666667,1,cortexvpu-01a-005-41884872_2026-06-19_15-56-16_087857.ts,cortexvpu-01a-005-41884872_2026-06-19_15-56-16_087857.ts,143,2026-06-19 16:54:15.166,2026-06-19 16:56:59.166,129.417333333,129.417333333,True,143,2026-06-19 16:54:15.166,2026-06-19 16:56:59.166,129.417333333,34.582666,True,143,8.166666
191,2026-06-19 17:01:17.666666667,2026-06-19 17:01:31.833333333,14.166666666,2,cortexvpu-01a-005-41884872_2026-06-19_16-00-08_101391.ts,cortexvpu-01a-005-41884872_2026-06-19_16-01-27_500000.ts,146,2026-06-19 17:01:56.069,2026-06-19 17:04:08.069,-38.402333333,38.402333333,True,145,2026-06-19 17:00:38.443,2026-06-19 17:01:31.443,39.223666667,13.776333,True,145,13.776333
192,2026-06-19 17:07:12.416666667,2026-06-19 17:07:20.750000000,8.333333333,1,cortexvpu-01a-005-41884872_2026-06-19_16-06-56_093845.ts,cortexvpu-01a-005-41884872_2026-06-19_16-06-56_093845.ts,146,2026-06-19 17:01:56.069,2026-06-19 17:04:08.069,316.347666667,316.347666667,False,,,,,,False,,0.0
193,2026-06-19 17:12:57.333333333,2026-06-19 17:13:06.500000000,9.166666667,1,cortexvpu-01a-005-41884872_2026-06-19_16-12-44_115306.ts,cortexvpu-01a-005-41884872_2026-06-19_16-12-44_115306.ts,147,2026-06-19 17:13:32.594,2026-06-19 17:14:28.594,-35.260666667,35.260666667,False,,,,,,False,,0.0
194,2026-06-19 17:21:02.750000000,2026-06-19 17:21:19.250000000,16.5,2,cortexvpu-01a-005-41884872_2026-06-19_16-19-22_138442.ts,cortexvpu-01a-005-41884872_2026-06-19_16-21-18_126241.ts,148,2026-06-19 17:21:59.361,2026-06-19 17:23:46.361,-56.611,56.611,False,,,,,,False,,0.0
195,2026-06-19 17:41:36.500000000,2026-06-19 17:41:50.666666667,14.166666667,1,cortexvpu-01a-005-41884872_2026-06-19_16-41-27_204708.ts,cortexvpu-01a-005-41884872_2026-06-19_16-41-27_204708.ts,149,2026-06-19 17:42:21.327,2026-06-19 17:42:57.327,-44.827,44.827,False,,,,,,False,,0.0
196,2026-06-19 17:47:33.000000000,2026-06-19 17:47:49.666666667,16.666666667,1,cortexvpu-01a-005-41884872_2026-06-19_16-47-15_190690.ts,cortexvpu-01a-005-41884872_2026-06-19_16-47-15_190690.ts,150,2026-06-19 17:48:28.240,2026-06-19 17:49:54.240,-55.24,55.24,False,,,,,,False,,0.0
197,2026-06-19 17:53:10.583333333,2026-06-19 17:53:20.416666667,9.833333334,1,cortexvpu-01a-005-41884872_2026-06-19_16-52-09_121093.ts,cortexvpu-01a-005-41884872_2026-06-19_16-52-09_121093.ts,150,2026-06-19 17:48:28.240,2026-06-19 17:49:54.240,282.343333333,282.343333333,False,,,,,,False,,0.0
198,2026-06-19 18:06:27.833333333,2026-06-19 18:06:36.833333333,9.0,1,cortexvpu-01a-005-41884872_2026-06-19_17-05-41_222190.ts,cortexvpu-01a-005-41884872_2026-06-19_17-05-41_222190.ts,151,2026-06-19 18:07:17.432,2026-06-19 18:08:16.432,-49.598666667,49.598666667,False,,,,,,False,,0.0
199,2026-06-19 18:08:49.500000000,2026-06-19 18:09:01.250000000,11.75,1,cortexvpu-01a-005-41884872_2026-06-19_17-07-37_254742.ts,cortexvpu-01a-005-41884872_2026-06-19_17-07-37_254742.ts,151,2026-06-19 18:07:17.432,2026-06-19 18:08:16.432,92.068,92.068,False,,,,,,False,,0.0
200,2026-06-19 18:09:33.166666667,2026-06-19 18:09:35.000000000,1.833333333,1,cortexvpu-01a-005-41884872_2026-06-19_17-09-33_266625.ts,cortexvpu-01a-005-41884872_2026-06-19_17-09-33_266625.ts,151,2026-06-19 18:07:17.432,2026-06-19 18:08:16.432,135.734666667,135.734666667,False,,,,,,False,,0.0
201,2026-06-19 18:11:31.416666667,2026-06-19 18:11:35.000000000,3.583333333,1,cortexvpu-01a-005-41884872_2026-06-19_17-11-29_290251.ts,cortexvpu-01a-005-41884872_2026-06-19_17-11-29_290251.ts,151,2026-06-19 18:07:17.432,2026-06-19 18:08:16.432,253.984666667,253.984666667,False,,,,,,False,,0.0
202,2026-06-19 18:11:35.166666667,2026-06-19 18:11:39.583333333,4.416666666,1,cortexvpu-01a-005-41884872_2026-06-19_17-11-35_616667.ts,cortexvpu-01a-005-41884872_2026-06-19_17-11-35_616667.ts,151,2026-06-19 18:07:17.432,2026-06-19 18:08:16.432,257.734666667,257.734666667,False,,,,,,False,,0.0
203,2026-06-19 18:12:51.416666667,2026-06-19 18:13:02.916666667,11.5,1,cortexvpu-01a-005-41884872_2026-06-19_17-12-50_033333.ts,cortexvpu-01a-005-41884872_2026-06-19_17-12-50_033333.ts,151,2026-06-19 18:07:17.432,2026-06-19 18:08:16.432,333.984666667,333.984666667,False,,,,,,False,,0.0
204,2026-06-19 18:13:05.166666667,2026-06-19 18:13:08.083333333,2.916666666,1,cortexvpu-01a-005-41884872_2026-06-19_17-13-05_933333.ts,cortexvpu-01a-005-41884872_2026-06-19_17-13-05_933333.ts,151,2026-06-19 18:07:17.432,2026-06-19 18:08:16.432,347.734666667,347.734666667,False,,,,,,False,,0.0
205,2026-06-19 18:20:25.916666667,2026-06-19 18:20:41.166666667,15.25,1,cortexvpu-01a-005-41884872_2026-06-19_17-18-51_254206.ts,cortexvpu-01a-005-41884872_2026-06-19_17-18-51_254206.ts,152,2026-06-19 18:21:13.843,2026-06-19 18:21:39.843,-47.926333333,47.926333333,False,,,,,,False,,0.0
206,2026-06-19 18:20:47.166666667,2026-06-19 18:20:52.083333333,4.916666666,1,cortexvpu-01a-005-41884872_2026-06-19_17-20-47_222404.ts,cortexvpu-01a-005-41884872_2026-06-19_17-20-47_222404.ts,152,2026-06-19 18:21:13.843,2026-06-19 18:21:39.843,-26.676333333,26.676333333,False,,,,,,False,,0.0
207,2026-06-19 18:23:52.000000000,2026-06-19 18:24:21.416666667,29.416666667,1,cortexvpu-01a-005-41884872_2026-06-19_17-22-43_254786.ts,cortexvpu-01a-005-41884872_2026-06-19_17-22-43_254786.ts,152,2026-06-19 18:21:13.843,2026-06-19 18:21:39.843,158.157,158.157,False,,,,,,False,,0.0
208,2026-06-19 18:24:40.166666667,2026-06-19 18:24:45.000000000,4.833333333,1,cortexvpu-01a-005-41884872_2026-06-19_17-24-39_157138.ts,cortexvpu-01a-005-41884872_2026-06-19_17-24-39_157138.ts,152,2026-06-19 18:21:13.843,2026-06-19 18:21:39.843,206.323666667,206.323666667,False,,,,,,False,,0.0
209,2026-06-19 18:26:35.166666667,2026-06-19 18:26:36.416666667,1.25,1,cortexvpu-01a-005-41884872_2026-06-19_17-26-35_394568.ts,cortexvpu-01a-005-41884872_2026-06-19_17-26-35_394568.ts,153,2026-06-19 18:28:48.178,2026-06-19 18:29:32.178,-133.011333333,133.011333333,False,,,,,,False,,0.0
210,2026-06-19 18:28:31.166666667,2026-06-19 18:28:33.083333333,1.916666666,1,cortexvpu-01a-005-41884872_2026-06-19_17-28-30_933333.ts,cortexvpu-01a-005-41884872_2026-06-19_17-28-30_933333.ts,153,2026-06-19 18:28:48.178,2026-06-19 18:29:32.178,-17.011333333,17.011333333,False,,,,,,False,,0.0
211,2026-06-19 18:30:24.166666667,2026-06-19 18:30:31.583333333,7.416666666,1,cortexvpu-01a-005-41884872_2026-06-19_17-30-24_298221.ts,cortexvpu-01a-005-41884872_2026-06-19_17-30-24_298221.ts,154,2026-06-19 18:29:53.714,2026-06-19 18:32:39.714,30.452666667,30.452666667,True,154,2026-06-19 18:29:53.714,2026-06-19 18:32:39.714,30.452666667,135.547333,True,154,7.416666
212,2026-06-19 18:31:30.166666667,2026-06-19 18:31:31.166666667,1.0,1,cortexvpu-01a-005-41884872_2026-06-19_17-31-26_650000.ts,cortexvpu-01a-005-41884872_2026-06-19_17-31-26_650000.ts,154,2026-06-19 18:29:53.714,2026-06-19 18:32:39.714,96.452666667,96.452666667,True,154,2026-06-19 18:29:53.714,2026-06-19 18:32:39.714,96.452666667,69.547333,True,154,1.0
213,2026-06-19 18:31:37.166666667,2026-06-19 18:31:39.666666667,2.5,1,cortexvpu-01a-005-41884872_2026-06-19_17-31-37_650000.ts,cortexvpu-01a-005-41884872_2026-06-19_17-31-37_650000.ts,154,2026-06-19 18:29:53.714,2026-06-19 18:32:39.714,103.452666667,103.452666667,True,154,2026-06-19 18:29:53.714,2026-06-19 18:32:39.714,103.452666667,62.547333,True,154,2.5
214,2026-06-19 18:44:26.083333333,2026-06-19 18:45:18.916666667,52.833333334,5,cortexvpu-01a-005-41884872_2026-06-19_17-44-25_666667.ts,cortexvpu-01a-005-41884872_2026-06-19_17-45-04_933333.ts,156,2026-06-19 18:35:45.261,2026-06-19 18:36:11.261,520.822333333,520.822333333,False,,,,,,False,,0.0
215,2026-06-20 06:32:12.166666667,2026-06-20 06:32:14.416666667,2.25,1,cortexvpu-01a-005-41884872_2026-06-20_05-32-12_966667.ts,cortexvpu-01a-005-41884872_2026-06-20_05-32-12_966667.ts,157,2026-06-20 07:00:22.429,2026-06-20 07:01:07.429,-1690.262333333,1690.262333333,False,,,,,,False,,0.0
216,2026-06-20 06:53:51.166666667,2026-06-20 06:53:57.583333333,6.416666666,2,cortexvpu-01a-005-41884872_2026-06-20_05-53-51_016667.ts,cortexvpu-01a-005-41884872_2026-06-20_05-52-58_200000.ts,157,2026-06-20 07:00:22.429,2026-06-20 07:01:07.429,-391.262333333,391.262333333,False,,,,,,False,,0.0
217,2026-06-20 06:55:07.166666667,2026-06-20 06:55:09.500000000,2.333333333,1,cortexvpu-01a-005-41884872_2026-06-20_05-55-07_016667.ts,cortexvpu-01a-005-41884872_2026-06-20_05-55-07_016667.ts,157,2026-06-20 07:00:22.429,2026-06-20 07:01:07.429,-315.262333333,315.262333333,False,,,,,,False,,0.0
218,2026-06-20 06:57:21.333333333,2026-06-20 06:57:43.916666667,22.583333334,1,cortexvpu-01a-005-41884872_2026-06-20_05-56-37_016667.ts,cortexvpu-01a-005-41884872_2026-06-20_05-56-37_016667.ts,157,2026-06-20 07:00:22.429,2026-06-20 07:01:07.429,-181.095666667,181.095666667,False,,,,,,False,,0.0
219,2026-06-20 06:58:02.333333333,2026-06-20 06:58:04.833333333,2.5,1,cortexvpu-01a-005-41884872_2026-06-20_05-58-02_016667.ts,cortexvpu-01a-005-41884872_2026-06-20_05-58-02_016667.ts,157,2026-06-20 07:00:22.429,2026-06-20 07:01:07.429,-140.095666667,140.095666667,False,,,,,,False,,0.0
220,2026-06-20 06:58:20.166666667,2026-06-20 06:58:22.250000000,2.083333333,1,cortexvpu-01a-005-41884872_2026-06-20_05-58-20_016667.ts,cortexvpu-01a-005-41884872_2026-06-20_05-58-20_016667.ts,157,2026-06-20 07:00:22.429,2026-06-20 07:01:07.429,-122.262333333,122.262333333,False,,,,,,False,,0.0
221,2026-06-20 07:04:07.166666667,2026-06-20 07:04:30.583333333,23.416666666,2,cortexvpu-01a-005-41884872_2026-06-20_06-04-07_550614.ts,cortexvpu-01a-005-41884872_2026-06-20_06-02-14_016667.ts,158,2026-06-20 07:05:16.006,2026-06-20 07:06:36.006,-68.839333333,68.839333333,False,,,,,,False,,0.0
222,2026-06-20 07:05:25.166666667,2026-06-20 07:05:27.416666667,2.25,1,cortexvpu-01a-005-41884872_2026-06-20_06-05-25_016667.ts,cortexvpu-01a-005-41884872_2026-06-20_06-05-25_016667.ts,158,2026-06-20 07:05:16.006,2026-06-20 07:06:36.006,9.160666667,9.160666667,True,158,2026-06-20 07:05:16.006,2026-06-20 07:06:36.006,9.160666667,70.839333,True,158,2.25
223,2026-06-20 07:05:40.166666667,2026-06-20 07:05:42.250000000,2.083333333,1,cortexvpu-01a-005-41884872_2026-06-20_06-05-40_016667.ts,cortexvpu-01a-005-41884872_2026-06-20_06-05-40_016667.ts,158,2026-06-20 07:05:16.006,2026-06-20 07:06:36.006,24.160666667,24.160666667,True,158,2026-06-20 07:05:16.006,2026-06-20 07:06:36.006,24.160666667,55.839333,True,158,2.083333
224,2026-06-20 07:19:43.250000000,2026-06-20 07:19:55.750000000,12.5,1,cortexvpu-01a-005-41884872_2026-06-20_06-18-32_610613.ts,cortexvpu-01a-005-41884872_2026-06-20_06-18-32_610613.ts,159,2026-06-20 07:08:32.566,2026-06-20 07:11:14.566,670.684,670.684,False,,,,,,False,,0.0
225,2026-06-20 07:20:28.166666667,2026-06-20 07:20:30.916666667,2.75,1,cortexvpu-01a-005-41884872_2026-06-20_06-20-28_611676.ts,cortexvpu-01a-005-41884872_2026-06-20_06-20-28_611676.ts,159,2026-06-20 07:08:32.566,2026-06-20 07:11:14.566,715.600666667,715.600666667,False,,,,,,False,,0.0
226,2026-06-20 07:24:24.500000000,2026-06-20 07:24:34.750000000,10.25,1,cortexvpu-01a-005-41884872_2026-06-20_06-23-08_033333.ts,cortexvpu-01a-005-41884872_2026-06-20_06-23-08_033333.ts,159,2026-06-20 07:08:32.566,2026-06-20 07:11:14.566,951.934,951.934,False,,,,,,False,,0.0
227,2026-06-20 07:27:47.083333333,2026-06-20 07:27:53.000000000,5.916666667,1,cortexvpu-01a-005-41884872_2026-06-20_06-26-26_066667.ts,cortexvpu-01a-005-41884872_2026-06-20_06-26-26_066667.ts,159,2026-06-20 07:08:32.566,2026-06-20 07:11:14.566,1154.517333333,1154.517333333,False,,,,,,False,,0.0
228,2026-06-20 07:33:55.416666667,2026-06-20 07:33:58.750000000,3.333333333,1,cortexvpu-01a-005-41884872_2026-06-20_06-33-23_066667.ts,cortexvpu-01a-005-41884872_2026-06-20_06-33-23_066667.ts,159,2026-06-20 07:08:32.566,2026-06-20 07:11:14.566,1522.850666667,1522.850666667,False,,,,,,False,,0.0
229,2026-06-20 07:35:40.166666667,2026-06-20 07:35:41.416666667,1.25,1,cortexvpu-01a-005-41884872_2026-06-20_06-35-40_033333.ts,cortexvpu-01a-005-41884872_2026-06-20_06-35-40_033333.ts,159,2026-06-20 07:08:32.566,2026-06-20 07:11:14.566,1627.600666667,1627.600666667,False,,,,,,False,,0.0
230,2026-06-20 07:35:58.166666667,2026-06-20 07:36:02.000000000,3.833333333,1,cortexvpu-01a-005-41884872_2026-06-20_06-35-58_033333.ts,cortexvpu-01a-005-41884872_2026-06-20_06-35-58_033333.ts,159,2026-06-20 07:08:32.566,2026-06-20 07:11:14.566,1645.600666667,1645.600666667,False,,,,,,False,,0.0
231,2026-06-20 07:36:20.166666667,2026-06-20 07:36:22.750000000,2.583333333,1,cortexvpu-01a-005-41884872_2026-06-20_06-36-20_033333.ts,cortexvpu-01a-005-41884872_2026-06-20_06-36-20_033333.ts,159,2026-06-20 07:08:32.566,2026-06-20 07:11:14.566,1667.600666667,1667.600666667,False,,,,,,False,,0.0
232,2026-06-20 07:36:38.166666667,2026-06-20 07:36:44.083333333,5.916666666,1,cortexvpu-01a-005-41884872_2026-06-20_06-36-38_033333.ts,cortexvpu-01a-005-41884872_2026-06-20_06-36-38_033333.ts,159,2026-06-20 07:08:32.566,2026-06-20 07:11:14.566,1685.600666667,1685.600666667,False,,,,,,False,,0.0
233,2026-06-20 07:37:11.166666667,2026-06-20 07:37:21.916666667,10.75,1,cortexvpu-01a-005-41884872_2026-06-20_06-37-11_033333.ts,cortexvpu-01a-005-41884872_2026-06-20_06-37-11_033333.ts,159,2026-06-20 07:08:32.566,2026-06-20 07:11:14.566,1718.600666667,1718.600666667,False,,,,,,False,,0.0
234,2026-06-20 07:38:03.166666667,2026-06-20 07:38:06.583333333,3.416666666,1,cortexvpu-01a-005-41884872_2026-06-20_06-38-03_083333.ts,cortexvpu-01a-005-41884872_2026-06-20_06-38-03_083333.ts,159,2026-06-20 07:08:32.566,2026-06-20 07:11:14.566,1770.600666667,1770.600666667,False,,,,,,False,,0.0
235,2026-06-20 07:38:24.166666667,2026-06-20 07:38:34.500000000,10.333333333,3,cortexvpu-01a-005-41884872_2026-06-20_06-38-24_083333.ts,cortexvpu-01a-005-41884872_2026-06-20_06-38-33_083333.ts,159,2026-06-20 07:08:32.566,2026-06-20 07:11:14.566,1791.600666667,1791.600666667,False,,,,,,False,,0.0
236,2026-06-20 07:41:56.166666667,2026-06-20 07:42:09.416666667,13.25,2,cortexvpu-01a-005-41884872_2026-06-20_06-41-56_133333.ts,cortexvpu-01a-005-41884872_2026-06-20_06-42-05_133333.ts,159,2026-06-20 07:08:32.566,2026-06-20 07:11:14.566,2003.600666667,2003.600666667,False,,,,,,False,,0.0
237,2026-06-20 07:43:36.166666667,2026-06-20 07:43:41.416666667,5.25,1,cortexvpu-01a-005-41884872_2026-06-20_06-43-36_133333.ts,cortexvpu-01a-005-41884872_2026-06-20_06-43-36_133333.ts,159,2026-06-20 07:08:32.566,2026-06-20 07:11:14.566,2103.600666667,2103.600666667,False,,,,,,False,,0.0
238,2026-06-20 07:45:47.166666667,2026-06-20 07:45:49.583333333,2.416666666,1,cortexvpu-01a-005-41884872_2026-06-20_06-45-46_133333.ts,cortexvpu-01a-005-41884872_2026-06-20_06-45-46_133333.ts,159,2026-06-20 07:08:32.566,2026-06-20 07:11:14.566,2234.600666667,2234.600666667,False,,,,,,False,,0.0
239,2026-06-20 07:47:22.166666667,2026-06-20 07:47:24.083333333,1.916666666,1,cortexvpu-01a-005-41884872_2026-06-20_06-47-22_133333.ts,cortexvpu-01a-005-41884872_2026-06-20_06-47-22_133333.ts,159,2026-06-20 07:08:32.566,2026-06-20 07:11:14.566,2329.600666667,2329.600666667,False,,,,,,False,,0.0
240,2026-06-20 07:49:42.166666667,2026-06-20 07:49:45.916666667,3.75,1,cortexvpu-01a-005-41884872_2026-06-20_06-49-42_133333.ts,cortexvpu-01a-005-41884872_2026-06-20_06-49-42_133333.ts,159,2026-06-20 07:08:32.566,2026-06-20 07:11:14.566,2469.600666667,2469.600666667,False,,,,,,False,,0.0
241,2026-06-20 07:49:52.166666667,2026-06-20 07:49:58.916666667,6.75,1,cortexvpu-01a-005-41884872_2026-06-20_06-49-51_133333.ts,cortexvpu-01a-005-41884872_2026-06-20_06-49-51_133333.ts,159,2026-06-20 07:08:32.566,2026-06-20 07:11:14.566,2479.600666667,2479.600666667,False,,,,,,False,,0.0
242,2026-06-20 07:49:59.166666667,2026-06-20 07:50:07.916666667,8.75,1,cortexvpu-01a-005-41884872_2026-06-20_06-49-59_133333.ts,cortexvpu-01a-005-41884872_2026-06-20_06-49-59_133333.ts,159,2026-06-20 07:08:32.566,2026-06-20 07:11:14.566,2486.600666667,2486.600666667,False,,,,,,False,,0.0
243,2026-06-20 07:50:18.250000000,2026-06-20 07:50:23.000000000,4.75,1,cortexvpu-01a-005-41884872_2026-06-20_06-50-17_133333.ts,cortexvpu-01a-005-41884872_2026-06-20_06-50-17_133333.ts,159,2026-06-20 07:08:32.566,2026-06-20 07:11:14.566,2505.684,2505.684,False,,,,,,False,,0.0
244,2026-06-20 07:50:30.166666667,2026-06-20 07:50:31.250000000,1.083333333,1,cortexvpu-01a-005-41884872_2026-06-20_06-50-29_133333.ts,cortexvpu-01a-005-41884872_2026-06-20_06-50-29_133333.ts,159,2026-06-20 07:08:32.566,2026-06-20 07:11:14.566,2517.600666667,2517.600666667,False,,,,,,False,,0.0
245,2026-06-20 07:50:34.166666667,2026-06-20 07:50:38.416666667,4.25,1,cortexvpu-01a-005-41884872_2026-06-20_06-50-34_133333.ts,cortexvpu-01a-005-41884872_2026-06-20_06-50-34_133333.ts,159,2026-06-20 07:08:32.566,2026-06-20 07:11:14.566,2521.600666667,2521.600666667,False,,,,,,False,,0.0
246,2026-06-20 07:50:38.750000000,2026-06-20 07:50:50.166666667,11.416666667,1,cortexvpu-01a-005-41884872_2026-06-20_06-50-38_133333.ts,cortexvpu-01a-005-41884872_2026-06-20_06-50-38_133333.ts,159,2026-06-20 07:08:32.566,2026-06-20 07:11:14.566,2526.184,2526.184,False,,,,,,False,,0.0
247,2026-06-20 07:50:56.166666667,2026-06-20 07:51:09.000000000,12.833333333,1,cortexvpu-01a-005-41884872_2026-06-20_06-50-56_133333.ts,cortexvpu-01a-005-41884872_2026-06-20_06-50-56_133333.ts,159,2026-06-20 07:08:32.566,2026-06-20 07:11:14.566,2543.600666667,2543.600666667,False,,,,,,False,,0.0
248,2026-06-20 07:51:13.166666667,2026-06-20 07:51:22.000000000,8.833333333,1,cortexvpu-01a-005-41884872_2026-06-20_06-51-13_133333.ts,cortexvpu-01a-005-41884872_2026-06-20_06-51-13_133333.ts,159,2026-06-20 07:08:32.566,2026-06-20 07:11:14.566,2560.600666667,2560.600666667,False,,,,,,False,,0.0
249,2026-06-20 07:51:36.166666667,2026-06-20 07:51:46.000000000,9.833333333,1,cortexvpu-01a-005-41884872_2026-06-20_06-51-36_133333.ts,cortexvpu-01a-005-41884872_2026-06-20_06-51-36_133333.ts,159,2026-06-20 07:08:32.566,2026-06-20 07:11:14.566,2583.600666667,2583.600666667,False,,,,,,False,,0.0
250,2026-06-20 07:51:57.166666667,2026-06-20 07:52:04.166666667,7.0,2,cortexvpu-01a-005-41884872_2026-06-20_06-51-57_133333.ts,cortexvpu-01a-005-41884872_2026-06-20_06-51-54_133333.ts,159,2026-06-20 07:08:32.566,2026-06-20 07:11:14.566,2604.600666667,2604.600666667,False,,,,,,False,,0.0
251,2026-06-20 07:52:19.166666667,2026-06-20 07:52:22.416666667,3.25,1,cortexvpu-01a-005-41884872_2026-06-20_06-52-19_133333.ts,cortexvpu-01a-005-41884872_2026-06-20_06-52-19_133333.ts,159,2026-06-20 07:08:32.566,2026-06-20 07:11:14.566,2626.600666667,2626.600666667,False,,,,,,False,,0.0
252,2026-06-20 07:52:25.666666667,2026-06-20 07:52:28.416666667,2.75,1,cortexvpu-01a-005-41884872_2026-06-20_06-52-25_133333.ts,cortexvpu-01a-005-41884872_2026-06-20_06-52-25_133333.ts,159,2026-06-20 07:08:32.566,2026-06-20 07:11:14.566,2633.100666667,2633.100666667,False,,,,,,False,,0.0
253,2026-06-20 07:52:33.166666667,2026-06-20 07:52:36.000000000,2.833333333,1,cortexvpu-01a-005-41884872_2026-06-20_06-52-32_133333.ts,cortexvpu-01a-005-41884872_2026-06-20_06-52-32_133333.ts,159,2026-06-20 07:08:32.566,2026-06-20 07:11:14.566,2640.600666667,2640.600666667,False,,,,,,False,,0.0
254,2026-06-20 07:52:43.166666667,2026-06-20 07:52:45.000000000,1.833333333,1,cortexvpu-01a-005-41884872_2026-06-20_06-52-43_133333.ts,cortexvpu-01a-005-41884872_2026-06-20_06-52-43_133333.ts,159,2026-06-20 07:08:32.566,2026-06-20 07:11:14.566,2650.600666667,2650.600666667,False,,,,,,False,,0.0
255,2026-06-20 07:54:36.166666667,2026-06-20 07:54:53.583333333,17.416666666,1,cortexvpu-01a-005-41884872_2026-06-20_06-54-36_748456.ts,cortexvpu-01a-005-41884872_2026-06-20_06-54-36_748456.ts,159,2026-06-20 07:08:32.566,2026-06-20 07:11:14.566,2763.600666667,2763.600666667,False,,,,,,False,,0.0
256,2026-06-20 07:56:32.166666667,2026-06-20 07:56:37.833333333,5.666666666,1,cortexvpu-01a-005-41884872_2026-06-20_06-56-32_584397.ts,cortexvpu-01a-005-41884872_2026-06-20_06-56-32_584397.ts,159,2026-06-20 07:08:32.566,2026-06-20 07:11:14.566,2879.600666667,2879.600666667,False,,,,,,False,,0.0
257,2026-06-20 08:05:57.833333333,2026-06-20 08:06:07.750000000,9.916666667,1,cortexvpu-01a-005-41884872_2026-06-20_07-05-38_033333.ts,cortexvpu-01a-005-41884872_2026-06-20_07-05-38_033333.ts,159,2026-06-20 07:08:32.566,2026-06-20 07:11:14.566,3445.267333333,3445.267333333,False,,,,,,False,,0.0
