extracted_stop_id,stop_time,stop_end_time,source_detection_count,source_first_video_name,source_last_video_name,Time,Period,Type,Operator,Time type,Time.1,Group,Reason 1,Reason 2,Reason 3,Reason 4,Product,Batch,Bulk,Order,harford_original_time,harford_time,harford_stop_id,harford_duration_minutes,matched_harford_stop,time_difference_seconds,absolute_time_difference_seconds
1,2026-06-18 22:11:06.834444444,2026-06-18 22:11:22.268888889,1,cortexvpu-01a-005-41884872_2026-06-18_21-10-34_935489.ts,cortexvpu-01a-005-41884872_2026-06-18_21-10-34_935489.ts,,,,,,,,,,,,,,,,,,,,False,,
2,2026-06-18 22:14:30.294444444,2026-06-18 22:14:51.593333333,1,cortexvpu-01a-005-41884872_2026-06-18_21-14-05_784690.ts,cortexvpu-01a-005-41884872_2026-06-18_21-14-05_784690.ts,,,,,,,,,,,,,,,,,,,,False,,
3,2026-06-18 22:15:18.062222222,2026-06-18 22:15:21.542222222,1,cortexvpu-01a-005-41884872_2026-06-18_21-15-16_657976.ts,cortexvpu-01a-005-41884872_2026-06-18_21-15-16_657976.ts,,,,,,,,,,,,,,,,,,,,False,,
4,2026-06-18 23:30:55.811111111,2026-06-18 23:31:00.870000000,1,cortexvpu-01a-005-41884872_2026-06-18_22-30-02_160727.ts,cortexvpu-01a-005-41884872_2026-06-18_22-30-02_160727.ts,,,,,,,,,,,,,,,,,,,,False,,
5,2026-06-18 23:35:02.336666667,2026-06-18 23:35:04.495555556,1,cortexvpu-01a-005-41884872_2026-06-18_22-34-46_237795.ts,cortexvpu-01a-005-41884872_2026-06-18_22-34-46_237795.ts,,,,,,,,,,,,,,,,,,,,False,,
6,2026-06-18 23:56:53.727777778,2026-06-18 23:57:11.611111111,1,cortexvpu-01a-005-41884872_2026-06-18_22-56-41_282659.ts,cortexvpu-01a-005-41884872_2026-06-18_22-56-41_282659.ts,2026-06-18 23:57:42.475000,23:57:42 - 23:58:35,DB,Callum Gillan,Machine,0:00:53,,Shrinkwrapper,Infeed > Container,Fallen,TP13,788367 JW BLACK 12YO  0.05L 40% 16x12 Travel Retail,L6168CL003,,12585637,2026-06-18 23:57:42.475,2026-06-18 23:57:42.475,75.0,0.8833333333333333,True,48.747222222,48.747222222
7,2026-06-19 00:00:16.062222222,2026-06-19 00:00:26.276666667,1,cortexvpu-01a-005-41884872_2026-06-18_23-00-14_426498.ts,cortexvpu-01a-005-41884872_2026-06-18_23-00-14_426498.ts,2026-06-19 00:00:44.902000,00:00:44 - 00:00:56,DB,Callum Gillan,Machine,0:00:12,,Shrinkwrapper,Infeed > Container,Fallen,TP13,788367 JW BLACK 12YO  0.05L 40% 16x12 Travel Retail,L6168CL003,,12585637,2026-06-19 00:00:44.902,2026-06-19 00:00:44.902,76.0,0.2,True,28.839777778,28.839777778
8,2026-06-19 00:08:20.996666667,2026-06-19 00:08:27.022222222,1,cortexvpu-01a-005-41884872_2026-06-18_23-07-20_425921.ts,cortexvpu-01a-005-41884872_2026-06-18_23-07-20_425921.ts,,,,,,,,,,,,,,,,,,,,False,,
9,2026-06-19 00:08:33.416666667,2026-06-19 00:08:37.476666667,1,cortexvpu-01a-005-41884872_2026-06-18_23-08-31_404536.ts,cortexvpu-01a-005-41884872_2026-06-18_23-08-31_404536.ts,,,,,,,,,,,,,,,,,,,,False,,
10,2026-06-19 00:16:35.061111111,2026-06-19 00:16:37.058888889,1,cortexvpu-01a-005-41884872_2026-06-18_23-16-32_638711.ts,cortexvpu-01a-005-41884872_2026-06-18_23-16-32_638711.ts,2026-06-19 00:18:34.908000,00:18:34 - 00:18:57,DB,Jean Cairns,Machine,0:00:23,,Shrinkwrapper,Infeed > Container,Fallen,TP13,788367 JW BLACK 12YO  0.05L 40% 16x12 Travel Retail,L6168CL003,,12585637,2026-06-19 00:18:34.908,2026-06-19 00:18:34.908,78.0,0.38333333333333336,True,119.846888889,119.846888889
11,2026-06-19 00:16:37.094444444,2026-06-19 00:16:38.995555556,1,cortexvpu-01a-005-41884872_2026-06-18_23-16-35_645167.ts,cortexvpu-01a-005-41884872_2026-06-18_23-16-35_645167.ts,2026-06-19 00:18:34.908000,00:18:34 - 00:18:57,DB,Jean Cairns,Machine,0:00:23,,Shrinkwrapper,Infeed > Container,Fallen,TP13,788367 JW BLACK 12YO  0.05L 40% 16x12 Travel Retail,L6168CL003,,12585637,2026-06-19 00:18:34.908,2026-06-19 00:18:34.908,78.0,0.38333333333333336,True,117.813555556,117.813555556
12,2026-06-19 00:17:37.098888889,2026-06-19 00:17:50.922222222,1,cortexvpu-01a-005-41884872_2026-06-18_23-16-41_666667.ts,cortexvpu-01a-005-41884872_2026-06-18_23-16-41_666667.ts,2026-06-19 00:18:34.908000,00:18:34 - 00:18:57,DB,Jean Cairns,Machine,0:00:23,,Shrinkwrapper,Infeed > Container,Fallen,TP13,788367 JW BLACK 12YO  0.05L 40% 16x12 Travel Retail,L6168CL003,,12585637,2026-06-19 00:18:34.908,2026-06-19 00:18:34.908,78.0,0.38333333333333336,True,57.809111111,57.809111111
13,2026-06-19 00:17:52.062222222,2026-06-19 00:17:53.157777778,1,cortexvpu-01a-005-41884872_2026-06-18_23-17-50_223750.ts,cortexvpu-01a-005-41884872_2026-06-18_23-17-50_223750.ts,2026-06-19 00:18:34.908000,00:18:34 - 00:18:57,DB,Jean Cairns,Machine,0:00:23,,Shrinkwrapper,Infeed > Container,Fallen,TP13,788367 JW BLACK 12YO  0.05L 40% 16x12 Travel Retail,L6168CL003,,12585637,2026-06-19 00:18:34.908,2026-06-19 00:18:34.908,78.0,0.38333333333333336,True,42.845777778,42.845777778
14,2026-06-19 02:37:53.138888889,2026-06-19 02:38:04.481111111,1,cortexvpu-01a-005-41884872_2026-06-19_01-37-33_184857.ts,cortexvpu-01a-005-41884872_2026-06-19_01-37-33_184857.ts,2026-06-19 02:38:58.782000,02:38:58 - 02:39:52,DB,Jean Cairns,Machine,0:00:53,,Shrinkwrapper,Infeed > Container,Fallen,TP13,788367 JW BLACK 12YO  0.05L 40% 16x12 Travel Retail,L6168CL003,,12585637,2026-06-19 02:38:58.782,2026-06-19 02:38:58.782,88.0,0.8833333333333333,True,65.643111111,65.643111111
15,2026-06-19 03:13:30.594444444,2026-06-19 03:13:51.506666666,1,cortexvpu-01a-005-41884872_2026-06-19_02-12-45_376470.ts,cortexvpu-01a-005-41884872_2026-06-19_02-12-45_376470.ts,,,,,,,,,,,,,,,,,,,,False,,
16,2026-06-19 03:13:57.063333333,2026-06-19 03:14:13.980000000,1,cortexvpu-01a-005-41884872_2026-06-19_02-13-56_339659.ts,cortexvpu-01a-005-41884872_2026-06-19_02-13-56_339659.ts,,,,,,,,,,,,,,,,,,,,False,,
17,2026-06-19 03:15:19.381111111,2026-06-19 03:15:21.088888889,1,cortexvpu-01a-005-41884872_2026-06-19_02-15-14_651611.ts,cortexvpu-01a-005-41884872_2026-06-19_02-15-14_651611.ts,,,,,,,,,,,,,,,,,,,,False,,
18,2026-06-19 03:15:34.093333333,2026-06-19 03:15:36.703333333,1,cortexvpu-01a-005-41884872_2026-06-19_02-15-31_651611.ts,cortexvpu-01a-005-41884872_2026-06-19_02-15-31_651611.ts,,,,,,,,,,,,,,,,,,,,False,,
19,2026-06-19 03:15:45.062222222,2026-06-19 03:15:48.703333333,1,cortexvpu-01a-005-41884872_2026-06-19_02-15-43_658067.ts,cortexvpu-01a-005-41884872_2026-06-19_02-15-43_658067.ts,,,,,,,,,,,,,,,,,,,,False,,
20,2026-06-19 03:16:22.091111111,2026-06-19 03:16:26.602222222,1,cortexvpu-01a-005-41884872_2026-06-19_02-16-17_658067.ts,cortexvpu-01a-005-41884872_2026-06-19_02-16-17_658067.ts,,,,,,,,,,,,,,,,,,,,False,,
21,2026-06-19 03:17:39.064444444,2026-06-19 03:17:41.996666667,1,cortexvpu-01a-005-41884872_2026-06-19_02-17-39_896778.ts,cortexvpu-01a-005-41884872_2026-06-19_02-17-39_896778.ts,,,,,,,,,,,,,,,,,,,,False,,
22,2026-06-19 03:18:18.114444444,2026-06-19 03:18:22.657777778,1,cortexvpu-01a-005-41884872_2026-06-19_02-18-05_664511.ts,cortexvpu-01a-005-41884872_2026-06-19_02-18-05_664511.ts,,,,,,,,,,,,,,,,,,,,False,,
23,2026-06-19 03:25:13.060000000,2026-06-19 03:25:18.215555556,1,cortexvpu-01a-005-41884872_2026-06-19_02-25-09_523403.ts,cortexvpu-01a-005-41884872_2026-06-19_02-25-09_523403.ts,2026-06-19 03:25:29.939000,03:25:29 - 03:25:44,DB,Jean Cairns,Machine,0:00:14,,Shrinkwrapper,Infeed > Container,Fallen,TP13,788367 JW BLACK 12YO  0.05L 40% 16x12 Travel Retail,L6168CL003,,12585637,2026-06-19 03:25:29.939,2026-06-19 03:25:29.939,90.0,0.23333333333333334,True,16.879,16.879
24,2026-06-19 03:26:22.610000000,2026-06-19 03:26:25.703333333,1,cortexvpu-01a-005-41884872_2026-06-19_02-26-20_390324.ts,cortexvpu-01a-005-41884872_2026-06-19_02-26-20_390324.ts,2026-06-19 03:25:29.939000,03:25:29 - 03:25:44,DB,Jean Cairns,Machine,0:00:14,,Shrinkwrapper,Infeed > Container,Fallen,TP13,788367 JW BLACK 12YO  0.05L 40% 16x12 Travel Retail,L6168CL003,,12585637,2026-06-19 03:25:29.939,2026-06-19 03:25:29.939,90.0,0.23333333333333334,True,-52.671,52.671
25,2026-06-19 03:26:27.062222222,2026-06-19 03:26:29.994444444,1,cortexvpu-01a-005-41884872_2026-06-19_02-26-25_716133.ts,cortexvpu-01a-005-41884872_2026-06-19_02-26-25_716133.ts,2026-06-19 03:25:29.939000,03:25:29 - 03:25:44,DB,Jean Cairns,Machine,0:00:14,,Shrinkwrapper,Infeed > Container,Fallen,TP13,788367 JW BLACK 12YO  0.05L 40% 16x12 Travel Retail,L6168CL003,,12585637,2026-06-19 03:25:29.939,2026-06-19 03:25:29.939,90.0,0.23333333333333334,True,-57.123222222,57.123222222
26,2026-06-19 03:27:37.093333333,2026-06-19 03:27:44.375555556,1,cortexvpu-01a-005-41884872_2026-06-19_02-27-34_409488.ts,cortexvpu-01a-005-41884872_2026-06-19_02-27-34_409488.ts,2026-06-19 03:28:15.752000,03:28:15 - 03:28:28,DB,Jean Cairns,Machine,0:00:13,,Shrinkwrapper,Infeed > Container,Fallen,TP13,788367 JW BLACK 12YO  0.05L 40% 16x12 Travel Retail,L6168CL003,,12585637,2026-06-19 03:28:15.752,2026-06-19 03:28:15.752,91.0,0.21666666666666667,True,38.658666667,38.658666667
27,2026-06-19 03:28:48.061111111,2026-06-19 03:28:49.092222222,1,cortexvpu-01a-005-41884872_2026-06-19_02-28-45_481007.ts,cortexvpu-01a-005-41884872_2026-06-19_02-28-45_481007.ts,2026-06-19 03:28:41.976000,03:28:41 - 03:29:21,DB,Jean Cairns,Machine,0:00:39,,Shrinkwrapper,Infeed > Container,Fallen,TP13,788367 JW BLACK 12YO  0.05L 40% 16x12 Travel Retail,L6168CL003,,12585637,2026-06-19 03:28:41.976,2026-06-19 03:28:41.976,92.0,0.65,True,-6.085111111,6.085111111
28,2026-06-19 03:29:55.063333333,2026-06-19 03:29:56.416666667,1,cortexvpu-01a-005-41884872_2026-06-19_02-29-54_735489.ts,cortexvpu-01a-005-41884872_2026-06-19_02-29-54_735489.ts,2026-06-19 03:29:35.624000,03:29:35 - 03:30:47,DB,Jean Cairns,Unplanned operational,0:01:12,,Material Performance,Incompatable,Shrinkwrap,Shrinkwrapper,788367 JW BLACK 12YO  0.05L 40% 16x12 Travel Retail,L6168CL003,,12585637,2026-06-19 03:29:35.624,2026-06-19 03:29:35.624,93.0,1.2,True,-19.439333333,19.439333333
29,2026-06-19 03:31:49.432222222,2026-06-19 03:32:02.933333333,1,cortexvpu-01a-005-41884872_2026-06-19_02-31-03_489790.ts,cortexvpu-01a-005-41884872_2026-06-19_02-31-03_489790.ts,2026-06-19 03:32:41.108000,03:32:41 - 03:34:07,DB,Jean Cairns,Unplanned operational,0:01:26,,Material Performance,Incompatable,Shrinkwrap,Shrinkwrapper,788367 JW BLACK 12YO  0.05L 40% 16x12 Travel Retail,L6168CL003,,12585637,2026-06-19 03:32:41.108,2026-06-19 03:32:41.108,94.0,1.4333333333333333,True,51.675777778,51.675777778
30,2026-06-19 03:32:19.864444444,2026-06-19 03:32:21.411111111,1,cortexvpu-01a-005-41884872_2026-06-19_02-32-14_441377.ts,cortexvpu-01a-005-41884872_2026-06-19_02-32-14_441377.ts,2026-06-19 03:32:41.108000,03:32:41 - 03:34:07,DB,Jean Cairns,Unplanned operational,0:01:26,,Material Performance,Incompatable,Shrinkwrap,Shrinkwrapper,788367 JW BLACK 12YO  0.05L 40% 16x12 Travel Retail,L6168CL003,,12585637,2026-06-19 03:32:41.108,2026-06-19 03:32:41.108,94.0,1.4333333333333333,True,21.243555556,21.243555556
31,2026-06-19 03:37:45.667777778,2026-06-19 03:37:50.662222222,1,cortexvpu-01a-005-41884872_2026-06-19_02-36-39_544404.ts,cortexvpu-01a-005-41884872_2026-06-19_02-36-39_544404.ts,2026-06-19 03:38:38.193000,03:38:38 - 03:40:03,DB,Jean Cairns,Unplanned operational,0:01:25,,Material Performance,Incompatable,Shrinkwrap,Shrinkwrapper,788367 JW BLACK 12YO  0.05L 40% 16x12 Travel Retail,L6168CL003,,12585637,2026-06-19 03:38:38.193,2026-06-19 03:38:38.193,95.0,1.4166666666666667,True,52.525222222,52.525222222
32,2026-06-19 03:37:53.061111111,2026-06-19 03:37:55.220000000,1,cortexvpu-01a-005-41884872_2026-06-19_02-37-50_509624.ts,cortexvpu-01a-005-41884872_2026-06-19_02-37-50_509624.ts,2026-06-19 03:38:38.193000,03:38:38 - 03:40:03,DB,Jean Cairns,Unplanned operational,0:01:25,,Material Performance,Incompatable,Shrinkwrap,Shrinkwrapper,788367 JW BLACK 12YO  0.05L 40% 16x12 Travel Retail,L6168CL003,,12585637,2026-06-19 03:38:38.193,2026-06-19 03:38:38.193,95.0,1.4166666666666667,True,45.131888889,45.131888889
33,2026-06-19 03:43:47.243333333,2026-06-19 03:43:47.694444444,1,cortexvpu-01a-005-41884872_2026-06-19_02-42-36_499681.ts,cortexvpu-01a-005-41884872_2026-06-19_02-42-36_499681.ts,2026-06-19 03:44:22.189000,03:44:22 - 03:45:02,DB,Jean Cairns,Machine,0:00:41,,Shrinkwrapper,Infeed > Container,Fallen,TP13,788367 JW BLACK 12YO  0.05L 40% 16x12 Travel Retail,L6168CL003,,12585637,2026-06-19 03:44:22.189,2026-06-19 03:44:22.189,96.0,0.6833333333333333,True,34.945666667,34.945666667
34,2026-06-19 03:43:50.834444444,2026-06-19 03:43:52.703333333,1,cortexvpu-01a-005-41884872_2026-06-19_02-43-47_579287.ts,cortexvpu-01a-005-41884872_2026-06-19_02-43-47_579287.ts,2026-06-19 03:44:22.189000,03:44:22 - 03:45:02,DB,Jean Cairns,Machine,0:00:41,,Shrinkwrapper,Infeed > Container,Fallen,TP13,788367 JW BLACK 12YO  0.05L 40% 16x12 Travel Retail,L6168CL003,,12585637,2026-06-19 03:44:22.189,2026-06-19 03:44:22.189,96.0,0.6833333333333333,True,31.354555556,31.354555556
35,2026-06-19 03:48:05.530000000,2026-06-19 03:48:13.875555556,1,cortexvpu-01a-005-41884872_2026-06-19_02-47-20_692052.ts,cortexvpu-01a-005-41884872_2026-06-19_02-47-20_692052.ts,2026-06-19 03:49:00.634000,03:49:00 - 03:50:05,DB,Jean Cairns,Unplanned operational,0:01:05,,Material Performance,Incompatable,Shrinkwrap,Shrinkwrapper,788367 JW BLACK 12YO  0.05L 40% 16x12 Travel Retail,L6168CL003,,12585637,2026-06-19 03:49:00.634,2026-06-19 03:49:00.634,97.0,1.0833333333333333,True,55.104,55.104
36,2026-06-19 03:48:35.640000000,2026-06-19 03:48:36.961111111,1,cortexvpu-01a-005-41884872_2026-06-19_02-48-31_422348.ts,cortexvpu-01a-005-41884872_2026-06-19_02-48-31_422348.ts,2026-06-19 03:49:00.634000,03:49:00 - 03:50:05,DB,Jean Cairns,Unplanned operational,0:01:05,,Material Performance,Incompatable,Shrinkwrap,Shrinkwrapper,788367 JW BLACK 12YO  0.05L 40% 16x12 Travel Retail,L6168CL003,,12585637,2026-06-19 03:49:00.634,2026-06-19 03:49:00.634,97.0,1.0833333333333333,True,24.994,24.994
37,2026-06-19 03:53:51.604444444,2026-06-19 03:54:06.265555556,1,cortexvpu-01a-005-41884872_2026-06-19_02-53-44_674871.ts,cortexvpu-01a-005-41884872_2026-06-19_02-53-44_674871.ts,,,,,,,,,,,,,,,,,,,,False,,
38,2026-06-19 03:54:59.511111110,2026-06-19 03:55:00.928888889,1,cortexvpu-01a-005-41884872_2026-06-19_02-54-55_103222.ts,cortexvpu-01a-005-41884872_2026-06-19_02-54-55_103222.ts,,,,,,,,,,,,,,,,,,,,False,,
39,2026-06-19 03:56:06.061111111,2026-06-19 03:56:07.575555556,1,cortexvpu-01a-005-41884872_2026-06-19_02-56-03_603205.ts,cortexvpu-01a-005-41884872_2026-06-19_02-56-03_603205.ts,,,,,,,,,,,,,,,,,,,,False,,
40,2026-06-19 03:57:20.057777778,2026-06-19 03:57:26.566666667,1,cortexvpu-01a-005-41884872_2026-06-19_02-57-14_444881.ts,cortexvpu-01a-005-41884872_2026-06-19_02-57-14_444881.ts,,,,,,,,,,,,,,,,,,,,False,,
41,2026-06-19 04:05:01.188888889,2026-06-19 04:05:14.593333333,1,cortexvpu-01a-005-41884872_2026-06-19_03-04-57_791037.ts,cortexvpu-01a-005-41884872_2026-06-19_03-04-57_791037.ts,2026-06-19 04:06:26.928000,04:06:26 - 04:06:58,DB,Jean Cairns,Machine,0:00:32,,Shrinkwrapper,Infeed > Container,Fallen,TP13,788367 JW BLACK 12YO  0.05L 40% 16x12 Travel Retail,L6168CL003,,12585637,2026-06-19 04:06:26.928,2026-06-19 04:06:26.928,98.0,0.5333333333333333,True,85.739111111,85.739111111
42,2026-06-19 04:10:04.038888889,2026-06-19 04:10:17.282222222,1,cortexvpu-01a-005-41884872_2026-06-19_03-09-41_754057.ts,cortexvpu-01a-005-41884872_2026-06-19_03-09-41_754057.ts,,,,,,,,,,,,,,,,,,,,False,,
43,2026-06-19 04:13:16.706666667,2026-06-19 04:13:25.954444444,1,cortexvpu-01a-005-41884872_2026-06-19_03-13-14_762454.ts,cortexvpu-01a-005-41884872_2026-06-19_03-13-14_762454.ts,2026-06-19 04:13:23.995000,04:13:23 - 04:13:33,DB,Jean Cairns,Machine,0:00:10,,Shrinkwrapper,Infeed > Container,Fallen,TP13,788367 JW BLACK 12YO  0.05L 40% 16x12 Travel Retail,L6168CL003,,12585637,2026-06-19 04:13:23.995,2026-06-19 04:13:23.995,99.0,0.16666666666666666,True,7.288333333,7.288333333
44,2026-06-19 04:17:46.385555556,2026-06-19 04:17:56.857777778,1,cortexvpu-01a-005-41884872_2026-06-19_03-16-47_834679.ts,cortexvpu-01a-005-41884872_2026-06-19_03-16-47_834679.ts,2026-06-19 04:18:49.333000,04:18:49 - 04:21:39,DB,Jean Cairns,Machine,0:02:50,,Shrinkwrapper,Outfeed > Sensors,Blockage,TP17,788367 JW BLACK 12YO  0.05L 40% 16x12 Travel Retail,L6168CL003,,12585637,2026-06-19 04:18:49.333,2026-06-19 04:18:49.333,101.0,2.8333333333333335,True,62.947444444,62.947444444
45,2026-06-19 04:18:00.062222222,2026-06-19 04:18:01.995555556,1,cortexvpu-01a-005-41884872_2026-06-19_03-17-58_751527.ts,cortexvpu-01a-005-41884872_2026-06-19_03-17-58_751527.ts,2026-06-19 04:18:49.333000,04:18:49 - 04:21:39,DB,Jean Cairns,Machine,0:02:50,,Shrinkwrapper,Outfeed > Sensors,Blockage,TP17,788367 JW BLACK 12YO  0.05L 40% 16x12 Travel Retail,L6168CL003,,12585637,2026-06-19 04:18:49.333,2026-06-19 04:18:49.333,101.0,2.8333333333333335,True,49.270777778,49.270777778
46,2026-06-19 04:19:11.062222222,2026-06-19 04:19:16.475555556,1,cortexvpu-01a-005-41884872_2026-06-19_03-19-09_569304.ts,cortexvpu-01a-005-41884872_2026-06-19_03-19-09_569304.ts,2026-06-19 04:18:49.333000,04:18:49 - 04:21:39,DB,Jean Cairns,Machine,0:02:50,,Shrinkwrapper,Outfeed > Sensors,Blockage,TP17,788367 JW BLACK 12YO  0.05L 40% 16x12 Travel Retail,L6168CL003,,12585637,2026-06-19 04:18:49.333,2026-06-19 04:18:49.333,101.0,2.8333333333333335,True,-21.729222222,21.729222222
47,2026-06-19 04:19:19.062222222,2026-06-19 04:19:28.475555556,2,cortexvpu-01a-005-41884872_2026-06-19_03-19-17_245167.ts,cortexvpu-01a-005-41884872_2026-06-19_03-19-21_245167.ts,2026-06-19 04:18:49.333000,04:18:49 - 04:21:39,DB,Jean Cairns,Machine,0:02:50,,Shrinkwrapper,Outfeed > Sensors,Blockage,TP17,788367 JW BLACK 12YO  0.05L 40% 16x12 Travel Retail,L6168CL003,,12585637,2026-06-19 04:18:49.333,2026-06-19 04:18:49.333,101.0,2.8333333333333335,True,-29.729222222,29.729222222
48,2026-06-19 04:20:04.025555556,2026-06-19 04:20:05.765555556,1,cortexvpu-01a-005-41884872_2026-06-19_03-19-58_012900.ts,cortexvpu-01a-005-41884872_2026-06-19_03-19-58_012900.ts,2026-06-19 04:18:49.333000,04:18:49 - 04:21:39,DB,Jean Cairns,Machine,0:02:50,,Shrinkwrapper,Outfeed > Sensors,Blockage,TP17,788367 JW BLACK 12YO  0.05L 40% 16x12 Travel Retail,L6168CL003,,12585637,2026-06-19 04:18:49.333,2026-06-19 04:18:49.333,101.0,2.8333333333333335,True,-74.692555556,74.692555556
49,2026-06-19 04:39:06.007777778,2026-06-19 04:39:09.745555556,1,cortexvpu-01a-005-41884872_2026-06-19_03-38-15_886285.ts,cortexvpu-01a-005-41884872_2026-06-19_03-38-15_886285.ts,,,,,,,,,,,,,,,,,,,,False,,
50,2026-06-19 04:51:18.187777778,2026-06-19 04:51:25.083333333,1,cortexvpu-01a-005-41884872_2026-06-19_03-50-44_016667.ts,cortexvpu-01a-005-41884872_2026-06-19_03-50-44_016667.ts,,,,,,,,,,,,,,,,,,,,False,,
51,2026-06-19 04:53:16.050000000,2026-06-19 04:53:22.268888889,1,cortexvpu-01a-005-41884872_2026-06-19_03-53-03_022603.ts,cortexvpu-01a-005-41884872_2026-06-19_03-53-03_022603.ts,2026-06-19 04:54:30.843000,04:54:30 - 04:55:16,DB,Jean Cairns,Machine,0:00:46,,Shrinkwrapper,Infeed > Container,Fallen,TP13,788367 JW BLACK 12YO  0.05L 40% 16x12 Travel Retail,L6168CL003,,12585637,2026-06-19 04:54:30.843,2026-06-19 04:54:30.843,103.0,0.7666666666666667,True,74.793,74.793
52,2026-06-19 04:54:14.063333333,2026-06-19 04:54:15.996666667,1,cortexvpu-01a-005-41884872_2026-06-19_03-54-13_948410.ts,cortexvpu-01a-005-41884872_2026-06-19_03-54-13_948410.ts,2026-06-19 04:54:30.843000,04:54:30 - 04:55:16,DB,Jean Cairns,Machine,0:00:46,,Shrinkwrapper,Infeed > Container,Fallen,TP13,788367 JW BLACK 12YO  0.05L 40% 16x12 Travel Retail,L6168CL003,,12585637,2026-06-19 04:54:30.843,2026-06-19 04:54:30.843,103.0,0.7666666666666667,True,16.779666667,16.779666667
53,2026-06-19 04:57:16.374444444,2026-06-19 04:57:18.920000000,1,cortexvpu-01a-005-41884872_2026-06-19_03-56-36_074722.ts,cortexvpu-01a-005-41884872_2026-06-19_03-56-36_074722.ts,2026-06-19 04:58:13.595000,04:58:13 - 04:59:55,DB,Jean Cairns,Machine,0:01:42,,Shrinkwrapper,Main Machine Wrap Limiter > Out of Sync,,,788367 JW BLACK 12YO  0.05L 40% 16x12 Travel Retail,L6168CL003,,12585637,2026-06-19 04:58:13.595,2026-06-19 04:58:13.595,104.0,1.7,True,57.220555556,57.220555556
54,2026-06-19 04:57:49.222222222,2026-06-19 04:57:51.123333333,1,cortexvpu-01a-005-41884872_2026-06-19_03-57-46_926933.ts,cortexvpu-01a-005-41884872_2026-06-19_03-57-46_926933.ts,2026-06-19 04:58:13.595000,04:58:13 - 04:59:55,DB,Jean Cairns,Machine,0:01:42,,Shrinkwrapper,Main Machine Wrap Limiter > Out of Sync,,,788367 JW BLACK 12YO  0.05L 40% 16x12 Travel Retail,L6168CL003,,12585637,2026-06-19 04:58:13.595,2026-06-19 04:58:13.595,104.0,1.7,True,24.372777778,24.372777778
55,2026-06-19 04:59:00.254444444,2026-06-19 04:59:10.501111111,1,cortexvpu-01a-005-41884872_2026-06-19_03-58-57_887073.ts,cortexvpu-01a-005-41884872_2026-06-19_03-58-57_887073.ts,2026-06-19 04:58:13.595000,04:58:13 - 04:59:55,DB,Jean Cairns,Machine,0:01:42,,Shrinkwrapper,Main Machine Wrap Limiter > Out of Sync,,,788367 JW BLACK 12YO  0.05L 40% 16x12 Travel Retail,L6168CL003,,12585637,2026-06-19 04:58:13.595,2026-06-19 04:58:13.595,104.0,1.7,True,-46.659444444,46.659444444
56,2026-06-19 05:00:10.094444444,2026-06-19 05:00:12.833333333,1,cortexvpu-01a-005-41884872_2026-06-19_04-00-08_903360.ts,cortexvpu-01a-005-41884872_2026-06-19_04-00-08_903360.ts,2026-06-19 04:58:13.595000,04:58:13 - 04:59:55,DB,Jean Cairns,Machine,0:01:42,,Shrinkwrapper,Main Machine Wrap Limiter > Out of Sync,,,788367 JW BLACK 12YO  0.05L 40% 16x12 Travel Retail,L6168CL003,,12585637,2026-06-19 04:58:13.595,2026-06-19 04:58:13.595,104.0,1.7,True,-116.499444444,116.499444444
57,2026-06-19 05:01:34.370000000,2026-06-19 05:01:44.906666667,1,cortexvpu-01a-005-41884872_2026-06-19_04-01-19_821038.ts,cortexvpu-01a-005-41884872_2026-06-19_04-01-19_821038.ts,,,,,,,,,,,,,,,,,,,,False,,
58,2026-06-19 05:03:41.662222222,2026-06-19 05:03:41.694444444,1,cortexvpu-01a-005-41884872_2026-06-19_04-02-30_970241.ts,cortexvpu-01a-005-41884872_2026-06-19_04-02-30_970241.ts,2026-06-19 05:04:06.390000,05:04:06 - 05:04:19,DB,Jean Cairns,Machine,0:00:13,,Shrinkwrapper,Infeed > Container,Fallen,TP13,788367 JW BLACK 12YO  0.05L 40% 16x12 Travel Retail,L6168CL003,,12585637,2026-06-19 05:04:06.390,2026-06-19 05:04:06.390,105.0,0.21666666666666667,True,24.727777778,24.727777778
59,2026-06-19 05:03:44.835555556,2026-06-19 05:03:46.027777778,1,cortexvpu-01a-005-41884872_2026-06-19_04-03-42_018463.ts,cortexvpu-01a-005-41884872_2026-06-19_04-03-42_018463.ts,2026-06-19 05:04:06.390000,05:04:06 - 05:04:19,DB,Jean Cairns,Machine,0:00:13,,Shrinkwrapper,Infeed > Container,Fallen,TP13,788367 JW BLACK 12YO  0.05L 40% 16x12 Travel Retail,L6168CL003,,12585637,2026-06-19 05:04:06.390,2026-06-19 05:04:06.390,105.0,0.21666666666666667,True,21.554444444,21.554444444
60,2026-06-19 05:04:51.062222222,2026-06-19 05:04:55.895555556,1,cortexvpu-01a-005-41884872_2026-06-19_04-04-49_264511.ts,cortexvpu-01a-005-41884872_2026-06-19_04-04-49_264511.ts,2026-06-19 05:04:44.454000,05:04:44 - 05:04:53,DB,Jean Cairns,Machine,0:00:09,,Shrinkwrapper,Infeed > Container,Fallen,TP13,788367 JW BLACK 12YO  0.05L 40% 16x12 Travel Retail,L6168CL003,,12585637,2026-06-19 05:04:44.454,2026-06-19 05:04:44.454,106.0,0.15,True,-6.608222222,6.608222222
61,2026-06-19 05:06:02.123333333,2026-06-19 05:06:09.631111111,1,cortexvpu-01a-005-41884872_2026-06-19_04-05-57_935676.ts,cortexvpu-01a-005-41884872_2026-06-19_04-05-57_935676.ts,2026-06-19 05:04:44.454000,05:04:44 - 05:04:53,DB,Jean Cairns,Machine,0:00:09,,Shrinkwrapper,Infeed > Container,Fallen,TP13,788367 JW BLACK 12YO  0.05L 40% 16x12 Travel Retail,L6168CL003,,12585637,2026-06-19 05:04:44.454,2026-06-19 05:04:44.454,106.0,0.15,True,-77.669333333,77.669333333
62,2026-06-19 05:08:11.188888889,2026-06-19 05:08:20.501111110,2,cortexvpu-01a-005-41884872_2026-06-19_04-07-09_050920.ts,cortexvpu-01a-005-41884872_2026-06-19_04-08-19_878715.ts,,,,,,,,,,,,,,,,,,,,False,,
63,2026-06-19 05:11:17.251111111,2026-06-19 05:11:21.633333333,1,cortexvpu-01a-005-41884872_2026-06-19_04-10-42_180428.ts,cortexvpu-01a-005-41884872_2026-06-19_04-10-42_180428.ts,,,,,,,,,,,,,,,,,,,,False,,
64,2026-06-19 05:14:33.624444444,2026-06-19 05:14:49.864444444,1,cortexvpu-01a-005-41884872_2026-06-19_04-14-15_009330.ts,cortexvpu-01a-005-41884872_2026-06-19_04-14-15_009330.ts,2026-06-19 05:15:14.711000,05:15:14 - 05:15:42,DB,Jean Cairns,Machine,0:00:28,,Shrinkwrapper,Infeed > Container,Fallen,TP13,788367 JW BLACK 12YO  0.05L 40% 16x12 Travel Retail,L6168CL003,,12585637,2026-06-19 05:15:14.711,2026-06-19 05:15:14.711,107.0,0.4666666666666667,True,41.086555556,41.086555556
65,2026-06-19 05:30:04.527777778,2026-06-19 05:30:12.937777778,1,cortexvpu-01a-005-41884872_2026-06-19_04-29-17_198079.ts,cortexvpu-01a-005-41884872_2026-06-19_04-29-17_198079.ts,2026-06-19 05:30:25.440000,05:30:25 - 05:30:48,DB,Jean Cairns,Machine,0:00:23,,Shrinkwrapper,Infeed > Container,Fallen,TP13,788367 JW BLACK 12YO  0.05L 40% 16x12 Travel Retail,L6168CL003,,12585637,2026-06-19 05:30:25.440,2026-06-19 05:30:25.440,108.0,0.38333333333333336,True,20.912222222,20.912222222
66,2026-06-19 05:37:42.055555556,2026-06-19 05:37:48.822222222,1,cortexvpu-01a-005-41884872_2026-06-19_04-37-34_180410.ts,cortexvpu-01a-005-41884872_2026-06-19_04-37-34_180410.ts,,,,,,,,,,,,,,,,,,,,False,,
67,2026-06-19 05:43:57.516666666,2026-06-19 05:44:02.962222222,1,cortexvpu-01a-005-41884872_2026-06-19_04-43-29_313721.ts,cortexvpu-01a-005-41884872_2026-06-19_04-43-29_313721.ts,,,,,,,,,,,,,,,,,,,,False,,
68,2026-06-19 05:52:53.062222222,2026-06-19 05:53:08.722222222,1,cortexvpu-01a-005-41884872_2026-06-19_04-52-51_392940.ts,cortexvpu-01a-005-41884872_2026-06-19_04-52-51_392940.ts,2026-06-19 05:53:15.809000,05:53:15 - 05:53:27,DB,Jean Cairns,Machine,0:00:12,,Shrinkwrapper,Infeed > Container,Fallen,TP13,788367 JW BLACK 12YO  0.05L 40% 16x12 Travel Retail,L6168CL003,,12585637,2026-06-19 05:53:15.809,2026-06-19 05:53:15.809,109.0,0.2,True,22.746777778,22.746777778
69,2026-06-19 05:54:04.062222222,2026-06-19 05:54:05.512222222,1,cortexvpu-01a-005-41884872_2026-06-19_04-54-02_279615.ts,cortexvpu-01a-005-41884872_2026-06-19_04-54-02_279615.ts,2026-06-19 05:53:54.107000,05:53:54 - 05:54:03,DB,Jean Cairns,Machine,0:00:10,,Shrinkwrapper,Infeed > Container,Fallen,TP13,788367 JW BLACK 12YO  0.05L 40% 16x12 Travel Retail,L6168CL003,,12585637,2026-06-19 05:53:54.107,2026-06-19 05:53:54.107,110.0,0.16666666666666666,True,-9.955222222,9.955222222
70,2026-06-19 05:56:42.141111111,2026-06-19 05:56:55.964444444,1,cortexvpu-01a-005-41884872_2026-06-19_04-56-24_384143.ts,cortexvpu-01a-005-41884872_2026-06-19_04-56-24_384143.ts,,,,,,,,,,,,,,,,,,,,False,,
71,2026-06-19 05:57:37.610000000,2026-06-19 05:57:40.896666667,1,cortexvpu-01a-005-41884872_2026-06-19_04-57-35_231550.ts,cortexvpu-01a-005-41884872_2026-06-19_04-57-35_231550.ts,,,,,,,,,,,,,,,,,,,,False,,
72,2026-06-19 06:06:35.997777778,2026-06-19 06:06:42.571111111,1,cortexvpu-01a-005-41884872_2026-06-19_05-05-36_382241.ts,cortexvpu-01a-005-41884872_2026-06-19_05-05-36_382241.ts,2026-06-19 06:07:06.916000,06:07:06 - 06:07:15,DB,Jean Cairns,Machine,0:00:09,,Shrinkwrapper,Infeed > Container,Fallen,TP13,788367 JW BLACK 12YO  0.05L 40% 16x12 Travel Retail,L6168CL003,,12585637,2026-06-19 06:07:06.916,2026-06-19 06:07:06.916,112.0,0.15,True,30.918222222,30.918222222
73,2026-06-19 06:06:49.062222222,2026-06-19 06:06:56.183333333,1,cortexvpu-01a-005-41884872_2026-06-19_05-06-47_285429.ts,cortexvpu-01a-005-41884872_2026-06-19_05-06-47_285429.ts,2026-06-19 06:07:06.916000,06:07:06 - 06:07:15,DB,Jean Cairns,Machine,0:00:09,,Shrinkwrapper,Infeed > Container,Fallen,TP13,788367 JW BLACK 12YO  0.05L 40% 16x12 Travel Retail,L6168CL003,,12585637,2026-06-19 06:07:06.916,2026-06-19 06:07:06.916,112.0,0.15,True,17.853777778,17.853777778
74,2026-06-19 06:15:58.665555556,2026-06-19 06:16:01.758888889,1,cortexvpu-01a-005-41884872_2026-06-19_05-14-50_651611.ts,cortexvpu-01a-005-41884872_2026-06-19_05-14-50_651611.ts,,,,,,,,,,,,,,,,,,,,False,,
75,2026-06-19 06:16:02.061111111,2026-06-19 06:16:11.115555556,1,cortexvpu-01a-005-41884872_2026-06-19_05-15-59_505174.ts,cortexvpu-01a-005-41884872_2026-06-19_05-15-59_505174.ts,,,,,,,,,,,,,,,,,,,,False,,
76,2026-06-19 06:17:46.411111111,2026-06-19 06:17:51.953333333,1,cortexvpu-01a-005-41884872_2026-06-19_05-17-10_371736.ts,cortexvpu-01a-005-41884872_2026-06-19_05-17-10_371736.ts,,,,,,,,,,,,,,,,,,,,False,,
77,2026-06-19 06:22:12.527777778,2026-06-19 06:22:20.486666667,1,cortexvpu-01a-005-41884872_2026-06-19_05-21-54_544660.ts,cortexvpu-01a-005-41884872_2026-06-19_05-21-54_544660.ts,2026-06-19 06:22:51.420000,06:22:51 - 06:23:08,DB,Jean Cairns,Machine,0:00:17,,Shrinkwrapper,Infeed > Container,Fallen,TP13,788367 JW BLACK 12YO  0.05L 40% 16x12 Travel Retail,L6168CL003,,12585637,2026-06-19 06:22:51.420,2026-06-19 06:22:51.420,114.0,0.2833333333333333,True,38.892222222,38.892222222
78,2026-06-19 06:24:30.822222222,2026-06-19 06:24:41.938888889,1,cortexvpu-01a-005-41884872_2026-06-19_05-24-16_532165.ts,cortexvpu-01a-005-41884872_2026-06-19_05-24-16_532165.ts,2026-06-19 06:22:51.420000,06:22:51 - 06:23:08,DB,Jean Cairns,Machine,0:00:17,,Shrinkwrapper,Infeed > Container,Fallen,TP13,788367 JW BLACK 12YO  0.05L 40% 16x12 Travel Retail,L6168CL003,,12585637,2026-06-19 06:22:51.420,2026-06-19 06:22:51.420,114.0,0.2833333333333333,True,-99.402222222,99.402222222
79,2026-06-19 06:28:42.295555556,2026-06-19 06:28:52.155555556,1,cortexvpu-01a-005-41884872_2026-06-19_05-27-49_556459.ts,cortexvpu-01a-005-41884872_2026-06-19_05-27-49_556459.ts,,,,,,,,,,,,,,,,,,,,False,,
80,2026-06-19 06:29:04.060000000,2026-06-19 06:29:05.993333333,1,cortexvpu-01a-005-41884872_2026-06-19_05-29-00_883909.ts,cortexvpu-01a-005-41884872_2026-06-19_05-29-00_883909.ts,,,,,,,,,,,,,,,,,,,,False,,
81,2026-06-19 06:31:09.557777778,2026-06-19 06:31:17.903333333,1,cortexvpu-01a-005-41884872_2026-06-19_05-30-20_025811.ts,cortexvpu-01a-005-41884872_2026-06-19_05-30-20_025811.ts,,,,,,,,,,,,,,,,,,,,False,,
82,2026-06-19 06:31:29.288888889,2026-06-19 06:31:30.932222222,1,cortexvpu-01a-005-41884872_2026-06-19_05-31-28_413875.ts,cortexvpu-01a-005-41884872_2026-06-19_05-31-28_413875.ts,,,,,,,,,,,,,,,,,,,,False,,
83,2026-06-19 06:31:31.288888889,2026-06-19 06:31:34.865555556,1,cortexvpu-01a-005-41884872_2026-06-19_05-31-30_748389.ts,cortexvpu-01a-005-41884872_2026-06-19_05-31-30_748389.ts,,,,,,,,,,,,,,,,,,,,False,,
84,2026-06-19 06:39:52.388888889,2026-06-19 06:39:57.576666667,1,cortexvpu-01a-005-41884872_2026-06-19_05-38-56_582628.ts,cortexvpu-01a-005-41884872_2026-06-19_05-38-56_582628.ts,,,,,,,,,,,,,,,,,,,,False,,
85,2026-06-19 06:40:09.062222222,2026-06-19 06:40:10.383333333,1,cortexvpu-01a-005-41884872_2026-06-19_05-40-07_614492.ts,cortexvpu-01a-005-41884872_2026-06-19_05-40-07_614492.ts,,,,,,,,,,,,,,,,,,,,False,,
86,2026-06-19 07:26:42.051111111,2026-06-19 07:27:05.380000000,1,cortexvpu-01a-005-41884872_2026-06-19_06-26-30_058067.ts,cortexvpu-01a-005-41884872_2026-06-19_06-26-30_058067.ts,,,,,,,,,,,,,,,,,,,,False,,
87,2026-06-19 07:27:19.032222222,2026-06-19 07:27:20.031111111,1,cortexvpu-01a-005-41884872_2026-06-19_06-27-19_064511.ts,cortexvpu-01a-005-41884872_2026-06-19_06-27-19_064511.ts,,,,,,,,,,,,,,,,,,,,False,,
88,2026-06-19 07:45:10.194444444,2026-06-19 07:45:19.120000000,1,cortexvpu-01a-005-41884872_2026-06-19_06-44-13_891712.ts,cortexvpu-01a-005-41884872_2026-06-19_06-44-13_891712.ts,,,,,,,,,,,,,,,,,,,,False,,
89,2026-06-19 07:45:24.032222222,2026-06-19 07:45:25.031111111,1,cortexvpu-01a-005-41884872_2026-06-19_06-45-24_976221.ts,cortexvpu-01a-005-41884872_2026-06-19_06-45-24_976221.ts,,,,,,,,,,,,,,,,,,,,False,,
90,2026-06-19 08:06:22.560000000,2026-06-19 08:06:43.407777778,1,cortexvpu-01a-005-41884872_2026-06-19_07-05-35_283867.ts,cortexvpu-01a-005-41884872_2026-06-19_07-05-35_283867.ts,,,,,,,,,,,,,,,,,,,,False,,
91,2026-06-19 08:08:08.050000000,2026-06-19 08:08:18.908888889,1,cortexvpu-01a-005-41884872_2026-06-19_07-07-55_096132.ts,cortexvpu-01a-005-41884872_2026-06-19_07-07-55_096132.ts,,,,,,,,,,,,,,,,,,,,False,,
92,2026-06-19 08:43:40.276666667,2026-06-19 08:43:41.372222222,1,cortexvpu-01a-005-41884872_2026-06-19_07-43-28_490322.ts,cortexvpu-01a-005-41884872_2026-06-19_07-43-28_490322.ts,,,,,,,,,,,,,,,,,,,,False,,
93,2026-06-19 08:44:00.094444444,2026-06-19 08:44:03.320000000,2,cortexvpu-01a-005-41884872_2026-06-19_07-43-58_496778.ts,cortexvpu-01a-005-41884872_2026-06-19_07-44-01_316667.ts,,,,,,,,,,,,,,,,,,,,False,,
94,2026-06-19 08:44:10.417777778,2026-06-19 08:44:15.734444444,1,cortexvpu-01a-005-41884872_2026-06-19_07-44-09_316667.ts,cortexvpu-01a-005-41884872_2026-06-19_07-44-09_316667.ts,,,,,,,,,,,,,,,,,,,,False,,
95,2026-06-19 08:44:19.735555556,2026-06-19 08:44:20.992222222,1,cortexvpu-01a-005-41884872_2026-06-19_07-44-14_496778.ts,cortexvpu-01a-005-41884872_2026-06-19_07-44-14_496778.ts,,,,,,,,,,,,,,,,,,,,False,,
96,2026-06-19 08:45:24.256666667,2026-06-19 08:45:25.352222222,1,cortexvpu-01a-005-41884872_2026-06-19_07-45-23_207232.ts,cortexvpu-01a-005-41884872_2026-06-19_07-45-23_207232.ts,,,,,,,,,,,,,,,,,,,,False,,
97,2026-06-19 08:46:03.417777778,2026-06-19 08:46:04.964444444,1,cortexvpu-01a-005-41884872_2026-06-19_07-46-02_503222.ts,cortexvpu-01a-005-41884872_2026-06-19_07-46-02_503222.ts,,,,,,,,,,,,,,,,,,,,False,,
98,2026-06-19 08:46:20.255555556,2026-06-19 08:46:23.832222222,1,cortexvpu-01a-005-41884872_2026-06-19_07-46-18_509678.ts,cortexvpu-01a-005-41884872_2026-06-19_07-46-18_509678.ts,,,,,,,,,,,,,,,,,,,,False,,
99,2026-06-19 08:46:55.688888889,2026-06-19 08:46:57.171111111,1,cortexvpu-01a-005-41884872_2026-06-19_07-46-37_333333.ts,cortexvpu-01a-005-41884872_2026-06-19_07-46-37_333333.ts,,,,,,,,,,,,,,,,,,,,False,,
100,2026-06-19 09:06:47.052222222,2026-06-19 09:06:50.242222222,1,cortexvpu-01a-005-41884872_2026-06-19_08-06-36_619355.ts,cortexvpu-01a-005-41884872_2026-06-19_08-06-36_619355.ts,,,,,,,,,,,,,,,,,,,,False,,
101,2026-06-19 09:07:06.385555556,2026-06-19 09:07:07.996666667,1,cortexvpu-01a-005-41884872_2026-06-19_08-07-05_625811.ts,cortexvpu-01a-005-41884872_2026-06-19_08-07-05_625811.ts,,,,,,,,,,,,,,,,,,,,False,,
102,2026-06-19 09:15:11.335555556,2026-06-19 09:15:28.091111111,1,cortexvpu-01a-005-41884872_2026-06-19_08-14-25_670967.ts,cortexvpu-01a-005-41884872_2026-06-19_08-14-25_670967.ts,,,,,,,,,,,,,,,,,,,,False,,
103,2026-06-19 09:23:47.144444444,2026-06-19 09:24:05.221111111,1,cortexvpu-01a-005-41884872_2026-06-19_08-23-03_524141.ts,cortexvpu-01a-005-41884872_2026-06-19_08-23-03_524141.ts,2026-06-19 09:24:27.415000,09:24:27 - 09:25:19,DB,Sarah Williams,Machine,0:00:52,,Shrinkwrapper,Infeed > Container,Fallen,TP4,788367 JW BLACK 12YO  0.05L 40% 16x12 Travel Retail,L6168CL003,,12585637,2026-06-19 09:24:27.415,2026-06-19 09:24:27.415,115.0,0.8666666666666667,True,40.270555556,40.270555556
104,2026-06-19 09:24:16.062222222,2026-06-19 09:24:19.993333333,1,cortexvpu-01a-005-41884872_2026-06-19_08-24-14_476679.ts,cortexvpu-01a-005-41884872_2026-06-19_08-24-14_476679.ts,2026-06-19 09:24:27.415000,09:24:27 - 09:25:19,DB,Sarah Williams,Machine,0:00:52,,Shrinkwrapper,Infeed > Container,Fallen,TP4,788367 JW BLACK 12YO  0.05L 40% 16x12 Travel Retail,L6168CL003,,12585637,2026-06-19 09:24:27.415,2026-06-19 09:24:27.415,115.0,0.8666666666666667,True,11.352777778,11.352777778
105,2026-06-19 09:44:11.157777778,2026-06-19 09:44:16.281111110,1,cortexvpu-01a-005-41884872_2026-06-19_08-43-10_715128.ts,cortexvpu-01a-005-41884872_2026-06-19_08-43-10_715128.ts,,,,,,,,,,,,,,,,,,,,False,,
106,2026-06-19 09:58:55.500000000,2026-06-19 09:59:06.916666667,1,cortexvpu-01a-005-41884872_2026-06-19_08-58-28_840269.ts,cortexvpu-01a-005-41884872_2026-06-19_08-58-28_840269.ts,2026-06-19 09:59:37.178000,09:59:37 - 10:00:06,DB,Dagmara Smialek,Machine,0:00:29,,Shrinkwrapper,Infeed > Container,Fallen,TP12,788367 JW BLACK 12YO  0.05L 40% 16x12 Travel Retail,L6168CL003,,12585637,2026-06-19 09:59:37.178,2026-06-19 09:59:37.178,116.0,0.48333333333333334,True,41.678,41.678
107,2026-06-19 10:01:08.166666667,2026-06-19 10:01:16.000000000,1,cortexvpu-01a-005-41884872_2026-06-19_09-00-52_902596.ts,cortexvpu-01a-005-41884872_2026-06-19_09-00-52_902596.ts,2026-06-19 09:59:37.178000,09:59:37 - 10:00:06,DB,Dagmara Smialek,Machine,0:00:29,,Shrinkwrapper,Infeed > Container,Fallen,TP12,788367 JW BLACK 12YO  0.05L 40% 16x12 Travel Retail,L6168CL003,,12585637,2026-06-19 09:59:37.178,2026-06-19 09:59:37.178,116.0,0.48333333333333334,True,-90.988666667,90.988666667
108,2026-06-19 10:19:04.000000000,2026-06-19 10:19:09.750000000,1,cortexvpu-01a-005-41884872_2026-06-19_09-18-59_591494.ts,cortexvpu-01a-005-41884872_2026-06-19_09-18-59_591494.ts,,,,,,,,,,,,,,,,,,,,False,,
109,2026-06-19 10:29:19.583333333,2026-06-19 10:29:31.416666667,1,cortexvpu-01a-005-41884872_2026-06-19_09-29-14_563219.ts,cortexvpu-01a-005-41884872_2026-06-19_09-29-14_563219.ts,,,,,,,,,,,,,,,,,,,,False,,
110,2026-06-19 10:46:31.500000000,2026-06-19 10:46:36.333333333,2,cortexvpu-01a-005-41884872_2026-06-19_09-45-54_679689.ts,cortexvpu-01a-005-41884872_2026-06-19_09-46-35_577051.ts,2026-06-19 10:47:58.705000,10:47:58 - 10:48:34,DB,Dagmara Smialek,Machine,0:00:36,,Shrinkwrapper,Auto Splicer > Container,Fallen,TP12,788367 JW BLACK 12YO  0.05L 40% 16x12 Travel Retail,L6168CL003,,12585637,2026-06-19 10:47:58.705,2026-06-19 10:47:58.705,117.0,0.6,True,87.205,87.205
111,2026-06-19 10:46:48.166666667,2026-06-19 10:46:52.333333333,1,cortexvpu-01a-005-41884872_2026-06-19_09-46-48_900000.ts,cortexvpu-01a-005-41884872_2026-06-19_09-46-48_900000.ts,2026-06-19 10:47:58.705000,10:47:58 - 10:48:34,DB,Dagmara Smialek,Machine,0:00:36,,Shrinkwrapper,Auto Splicer > Container,Fallen,TP12,788367 JW BLACK 12YO  0.05L 40% 16x12 Travel Retail,L6168CL003,,12585637,2026-06-19 10:47:58.705,2026-06-19 10:47:58.705,117.0,0.6,True,70.538333333,70.538333333
112,2026-06-19 10:47:27.166666667,2026-06-19 10:47:34.416666667,1,cortexvpu-01a-005-41884872_2026-06-19_09-47-27_645206.ts,cortexvpu-01a-005-41884872_2026-06-19_09-47-27_645206.ts,2026-06-19 10:47:58.705000,10:47:58 - 10:48:34,DB,Dagmara Smialek,Machine,0:00:36,,Shrinkwrapper,Auto Splicer > Container,Fallen,TP12,788367 JW BLACK 12YO  0.05L 40% 16x12 Travel Retail,L6168CL003,,12585637,2026-06-19 10:47:58.705,2026-06-19 10:47:58.705,117.0,0.6,True,31.538333333,31.538333333
113,2026-06-19 10:59:33.250000000,2026-06-19 10:59:46.250000000,1,cortexvpu-01a-005-41884872_2026-06-19_09-59-14_567153.ts,cortexvpu-01a-005-41884872_2026-06-19_09-59-14_567153.ts,2026-06-19 11:00:26.633000,11:00:26 - 11:00:48,DB,Dagmara Smialek,Machine,0:00:22,,Shrinkwrapper,Auto Splicer > Container,Fallen,TP12,788367 JW BLACK 12YO  0.05L 40% 16x12 Travel Retail,L6168CL003,,12585637,2026-06-19 11:00:26.633,2026-06-19 11:00:26.633,118.0,0.36666666666666664,True,53.383,53.383
114,2026-06-19 11:28:38.916666667,2026-06-19 11:28:42.916666667,1,cortexvpu-01a-005-41884872_2026-06-19_10-26-59_681586.ts,cortexvpu-01a-005-41884872_2026-06-19_10-26-59_681586.ts,2026-06-19 11:29:28.470000,11:29:28 - 11:29:59,DB,Dagmara Smialek,Machine,0:00:31,,Shrinkwrapper,Infeed > Container,Fallen,TP12,788367 JW BLACK 12YO  0.05L 40% 16x12 Travel Retail,L6168CL003,,12585637,2026-06-19 11:29:28.470,2026-06-19 11:29:28.470,119.0,0.5166666666666667,True,49.553333333,49.553333333
115,2026-06-19 11:28:56.916666667,2026-06-19 11:28:59.833333333,1,cortexvpu-01a-005-41884872_2026-06-19_10-28-55_633641.ts,cortexvpu-01a-005-41884872_2026-06-19_10-28-55_633641.ts,2026-06-19 11:29:28.470000,11:29:28 - 11:29:59,DB,Dagmara Smialek,Machine,0:00:31,,Shrinkwrapper,Infeed > Container,Fallen,TP12,788367 JW BLACK 12YO  0.05L 40% 16x12 Travel Retail,L6168CL003,,12585637,2026-06-19 11:29:28.470,2026-06-19 11:29:28.470,119.0,0.5166666666666667,True,31.553333333,31.553333333
116,2026-06-19 11:39:34.916666667,2026-06-19 11:39:39.666666667,1,cortexvpu-01a-005-41884872_2026-06-19_10-38-35_581824.ts,cortexvpu-01a-005-41884872_2026-06-19_10-38-35_581824.ts,,,,,,,,,,,,,,,,,,,,False,,
117,2026-06-19 11:48:11.250000000,2026-06-19 11:48:16.500000000,1,cortexvpu-01a-005-41884872_2026-06-19_10-46-59_672629.ts,cortexvpu-01a-005-41884872_2026-06-19_10-46-59_672629.ts,,,,,,,,,,,,,,,,,,,,False,,
118,2026-06-19 12:00:22.666666667,2026-06-19 12:00:24.833333333,1,cortexvpu-01a-005-41884872_2026-06-19_10-59-43_033333.ts,cortexvpu-01a-005-41884872_2026-06-19_10-59-43_033333.ts,,,,,,,,,,,,,,,,,,,,False,,
119,2026-06-19 12:03:11.750000000,2026-06-19 12:03:47.166666667,1,cortexvpu-01a-005-41884872_2026-06-19_11-02-58_900000.ts,cortexvpu-01a-005-41884872_2026-06-19_11-02-58_900000.ts,,,,,,,,,,,,,,,,,,,,False,,
120,2026-06-19 12:04:20.166666667,2026-06-19 12:04:32.916666667,1,cortexvpu-01a-005-41884872_2026-06-19_11-04-03_900000.ts,cortexvpu-01a-005-41884872_2026-06-19_11-04-03_900000.ts,,,,,,,,,,,,,,,,,,,,False,,
121,2026-06-19 12:05:24.250000000,2026-06-19 12:05:26.666666667,1,cortexvpu-01a-005-41884872_2026-06-19_11-05-24_900000.ts,cortexvpu-01a-005-41884872_2026-06-19_11-05-24_900000.ts,,,,,,,,,,,,,,,,,,,,False,,
122,2026-06-19 12:05:40.166666667,2026-06-19 12:05:41.833333333,1,cortexvpu-01a-005-41884872_2026-06-19_11-05-39_050000.ts,cortexvpu-01a-005-41884872_2026-06-19_11-05-39_050000.ts,,,,,,,,,,,,,,,,,,,,False,,
123,2026-06-19 12:06:12.166666667,2026-06-19 12:06:14.333333333,1,cortexvpu-01a-005-41884872_2026-06-19_11-06-12_900000.ts,cortexvpu-01a-005-41884872_2026-06-19_11-06-12_900000.ts,,,,,,,,,,,,,,,,,,,,False,,
124,2026-06-19 12:07:13.166666667,2026-06-19 12:07:15.583333333,1,cortexvpu-01a-005-41884872_2026-06-19_11-07-13_900000.ts,cortexvpu-01a-005-41884872_2026-06-19_11-07-13_900000.ts,,,,,,,,,,,,,,,,,,,,False,,
125,2026-06-19 12:21:14.666666667,2026-06-19 12:21:18.333333333,1,cortexvpu-01a-005-41884872_2026-06-19_11-20-06_066667.ts,cortexvpu-01a-005-41884872_2026-06-19_11-20-06_066667.ts,2026-06-19 12:22:03.263000,12:22:03 - 12:23:00,DB,Dagmara Smialek,Machine,0:00:57,,Shrinkwrapper,Infeed > Container,Fallen,TP12,770116 JW BLACK 0.05L 40% 10x12 US,L6170CL001,,12578718,2026-06-19 12:22:03.263,2026-06-19 12:22:03.263,120.0,0.95,True,48.596333333,48.596333333
126,2026-06-19 12:22:23.750000000,2026-06-19 12:22:25.833333333,1,cortexvpu-01a-005-41884872_2026-06-19_11-21-59_669440.ts,cortexvpu-01a-005-41884872_2026-06-19_11-21-59_669440.ts,2026-06-19 12:22:03.263000,12:22:03 - 12:23:00,DB,Dagmara Smialek,Machine,0:00:57,,Shrinkwrapper,Infeed > Container,Fallen,TP12,770116 JW BLACK 0.05L 40% 10x12 US,L6170CL001,,12578718,2026-06-19 12:22:03.263,2026-06-19 12:22:03.263,120.0,0.95,True,-20.487,20.487
127,2026-06-19 12:31:56.666666667,2026-06-19 12:32:04.416666667,2,cortexvpu-01a-005-41884872_2026-06-19_11-30-07_756523.ts,cortexvpu-01a-005-41884872_2026-06-19_11-32-03_669570.ts,,,,,,,,,,,,,,,,,,,,False,,
128,2026-06-19 12:36:10.250000000,2026-06-19 12:36:19.666666667,1,cortexvpu-01a-005-41884872_2026-06-19_11-35-55_672958.ts,cortexvpu-01a-005-41884872_2026-06-19_11-35-55_672958.ts,,,,,,,,,,,,,,,,,,,,False,,
129,2026-06-19 12:42:43.916666667,2026-06-19 12:43:03.000000000,1,cortexvpu-01a-005-41884872_2026-06-19_11-41-43_735809.ts,cortexvpu-01a-005-41884872_2026-06-19_11-41-43_735809.ts,,,,,,,,,,,,,,,,,,,,False,,
130,2026-06-19 12:43:45.166666667,2026-06-19 12:43:47.500000000,1,cortexvpu-01a-005-41884872_2026-06-19_11-43-45_100000.ts,cortexvpu-01a-005-41884872_2026-06-19_11-43-45_100000.ts,,,,,,,,,,,,,,,,,,,,False,,
131,2026-06-19 12:43:53.250000000,2026-06-19 12:44:04.333333333,3,cortexvpu-01a-005-41884872_2026-06-19_11-43-49_100000.ts,cortexvpu-01a-005-41884872_2026-06-19_11-44-00_100000.ts,,,,,,,,,,,,,,,,,,,,False,,
132,2026-06-19 12:46:02.750000000,2026-06-19 12:46:03.916666667,1,cortexvpu-01a-005-41884872_2026-06-19_11-45-53_685450.ts,cortexvpu-01a-005-41884872_2026-06-19_11-45-53_685450.ts,,,,,,,,,,,,,,,,,,,,False,,
133,2026-06-19 12:46:38.166666667,2026-06-19 12:46:42.250000000,1,cortexvpu-01a-005-41884872_2026-06-19_11-46-38_100000.ts,cortexvpu-01a-005-41884872_2026-06-19_11-46-38_100000.ts,,,,,,,,,,,,,,,,,,,,False,,
134,2026-06-19 12:51:42.000000000,2026-06-19 12:51:52.416666667,1,cortexvpu-01a-005-41884872_2026-06-19_11-50-27_708894.ts,cortexvpu-01a-005-41884872_2026-06-19_11-50-27_708894.ts,,,,,,,,,,,,,,,,,,,,False,,
135,2026-06-19 12:54:38.750000000,2026-06-19 12:54:55.500000000,1,cortexvpu-01a-005-41884872_2026-06-19_11-54-19_746414.ts,cortexvpu-01a-005-41884872_2026-06-19_11-54-19_746414.ts,,,,,,,,,,,,,,,,,,,,False,,
136,2026-06-19 13:00:49.166666667,2026-06-19 13:01:00.333333333,1,cortexvpu-01a-005-41884872_2026-06-19_11-59-57_720287.ts,cortexvpu-01a-005-41884872_2026-06-19_11-59-57_720287.ts,2026-06-19 13:01:30.552000,13:01:30 - 13:02:16,DB,Stuart McCandless,Unplanned operational,0:00:46,,Material Performance,Incompatable,Shrinkwrap,Shrinkwrapper,770116 JW BLACK 0.05L 40% 10x12 US,L6170CL001,,12578718,2026-06-19 13:01:30.552,2026-06-19 13:01:30.552,121.0,0.7666666666666667,True,41.385333333,41.385333333
137,2026-06-19 13:07:58.416666667,2026-06-19 13:08:05.250000000,1,cortexvpu-01a-005-41884872_2026-06-19_12-07-18_776642.ts,cortexvpu-01a-005-41884872_2026-06-19_12-07-18_776642.ts,,,,,,,,,,,,,,,,,,,,False,,
138,2026-06-19 13:09:37.750000000,2026-06-19 13:09:52.250000000,1,cortexvpu-01a-005-41884872_2026-06-19_12-09-14_766334.ts,cortexvpu-01a-005-41884872_2026-06-19_12-09-14_766334.ts,2026-06-19 13:10:13.714000,13:10:13 - 13:11:25,DB,Stuart McCandless,Unplanned operational,0:01:12,,Material Performance,Incompatable,Shrinkwrap,Shrinkwrapper,770116 JW BLACK 0.05L 40% 10x12 US,L6170CL001,,12578718,2026-06-19 13:10:13.714,2026-06-19 13:10:13.714,122.0,1.2,True,35.964,35.964
139,2026-06-19 13:21:15.166666667,2026-06-19 13:21:26.416666667,1,cortexvpu-01a-005-41884872_2026-06-19_12-20-21_699931.ts,cortexvpu-01a-005-41884872_2026-06-19_12-20-21_699931.ts,,,,,,,,,,,,,,,,,,,,False,,
140,2026-06-19 13:22:17.166666667,2026-06-19 13:22:20.916666667,1,cortexvpu-01a-005-41884872_2026-06-19_12-22-17_727490.ts,cortexvpu-01a-005-41884872_2026-06-19_12-22-17_727490.ts,,,,,,,,,,,,,,,,,,,,False,,
141,2026-06-19 13:27:28.666666667,2026-06-19 13:27:47.250000000,1,cortexvpu-01a-005-41884872_2026-06-19_12-26-09_772049.ts,cortexvpu-01a-005-41884872_2026-06-19_12-26-09_772049.ts,2026-06-19 13:28:04.968000,13:28:04 - 13:29:56,DB,Stuart McCandless,Unplanned operational,0:01:51,,Material Performance,Incompatable,Shrinkwrap,Shrinkwrapper,770116 JW BLACK 0.05L 40% 10x12 US,L6170CL001,,12578718,2026-06-19 13:28:04.968,2026-06-19 13:28:04.968,123.0,1.85,True,36.301333333,36.301333333
142,2026-06-19 13:28:05.166666667,2026-06-19 13:28:08.166666667,1,cortexvpu-01a-005-41884872_2026-06-19_12-28-05_661644.ts,cortexvpu-01a-005-41884872_2026-06-19_12-28-05_661644.ts,2026-06-19 13:28:04.968000,13:28:04 - 13:29:56,DB,Stuart McCandless,Unplanned operational,0:01:51,,Material Performance,Incompatable,Shrinkwrap,Shrinkwrapper,770116 JW BLACK 0.05L 40% 10x12 US,L6170CL001,,12578718,2026-06-19 13:28:04.968,2026-06-19 13:28:04.968,123.0,1.85,True,-0.198666667,0.198666667
143,2026-06-19 13:28:34.166666667,2026-06-19 13:28:37.916666667,1,cortexvpu-01a-005-41884872_2026-06-19_12-28-34_150000.ts,cortexvpu-01a-005-41884872_2026-06-19_12-28-34_150000.ts,2026-06-19 13:28:04.968000,13:28:04 - 13:29:56,DB,Stuart McCandless,Unplanned operational,0:01:51,,Material Performance,Incompatable,Shrinkwrap,Shrinkwrapper,770116 JW BLACK 0.05L 40% 10x12 US,L6170CL001,,12578718,2026-06-19 13:28:04.968,2026-06-19 13:28:04.968,123.0,1.85,True,-29.198666667,29.198666667
144,2026-06-19 13:30:27.166666667,2026-06-19 13:30:31.916666667,1,cortexvpu-01a-005-41884872_2026-06-19_12-30-27_755517.ts,cortexvpu-01a-005-41884872_2026-06-19_12-30-27_755517.ts,2026-06-19 13:31:32.355000,13:31:32 - 13:33:15,DB,Stuart McCandless,Unplanned operational,0:01:43,,Material Performance,Incompatable,Shrinkwrap,Shrinkwrapper,770116 JW BLACK 0.05L 40% 10x12 US,L6170CL001,,12578718,2026-06-19 13:31:32.355,2026-06-19 13:31:32.355,124.0,1.7166666666666666,True,65.188333333,65.188333333
145,2026-06-19 13:31:24.166666667,2026-06-19 13:31:32.333333333,1,cortexvpu-01a-005-41884872_2026-06-19_12-31-23_166667.ts,cortexvpu-01a-005-41884872_2026-06-19_12-31-23_166667.ts,2026-06-19 13:31:32.355000,13:31:32 - 13:33:15,DB,Stuart McCandless,Unplanned operational,0:01:43,,Material Performance,Incompatable,Shrinkwrap,Shrinkwrapper,770116 JW BLACK 0.05L 40% 10x12 US,L6170CL001,,12578718,2026-06-19 13:31:32.355,2026-06-19 13:31:32.355,124.0,1.7166666666666666,True,8.188333333,8.188333333
146,2026-06-19 13:31:35.166666667,2026-06-19 13:31:37.916666667,1,cortexvpu-01a-005-41884872_2026-06-19_12-31-35_933333.ts,cortexvpu-01a-005-41884872_2026-06-19_12-31-35_933333.ts,2026-06-19 13:31:32.355000,13:31:32 - 13:33:15,DB,Stuart McCandless,Unplanned operational,0:01:43,,Material Performance,Incompatable,Shrinkwrap,Shrinkwrapper,770116 JW BLACK 0.05L 40% 10x12 US,L6170CL001,,12578718,2026-06-19 13:31:32.355,2026-06-19 13:31:32.355,124.0,1.7166666666666666,True,-2.811666667,2.811666667
147,2026-06-19 13:40:28.583333333,2026-06-19 13:40:39.083333333,1,cortexvpu-01a-005-41884872_2026-06-19_12-39-53_774504.ts,cortexvpu-01a-005-41884872_2026-06-19_12-39-53_774504.ts,2026-06-19 13:41:13.472000,13:41:13 - 13:42:47,DB,Stuart McCandless,Unplanned operational,0:01:34,,Material Performance,Incompatable,Shrinkwrap,Shrinkwrapper,770116 JW BLACK 0.05L 40% 10x12 US,L6170CL001,,12578718,2026-06-19 13:41:13.472,2026-06-19 13:41:13.472,126.0,1.5666666666666667,True,44.888666667,44.888666667
148,2026-06-19 13:41:49.166666667,2026-06-19 13:41:52.083333333,1,cortexvpu-01a-005-41884872_2026-06-19_12-41-49_723059.ts,cortexvpu-01a-005-41884872_2026-06-19_12-41-49_723059.ts,2026-06-19 13:41:13.472000,13:41:13 - 13:42:47,DB,Stuart McCandless,Unplanned operational,0:01:34,,Material Performance,Incompatable,Shrinkwrap,Shrinkwrapper,770116 JW BLACK 0.05L 40% 10x12 US,L6170CL001,,12578718,2026-06-19 13:41:13.472,2026-06-19 13:41:13.472,126.0,1.5666666666666667,True,-35.694666667,35.694666667
149,2026-06-19 13:45:44.916666667,2026-06-19 13:45:50.333333333,1,cortexvpu-01a-005-41884872_2026-06-19_12-45-21_900000.ts,cortexvpu-01a-005-41884872_2026-06-19_12-45-21_900000.ts,2026-06-19 13:47:20.369000,13:47:20 - 13:49:18,DB,Stuart McCandless,Unplanned operational,0:01:58,,Material Performance,Incompatable,Shrinkwrap,Shrinkwrapper,770116 JW BLACK 0.05L 40% 10x12 US,L6170CL001,,12578718,2026-06-19 13:47:20.369,2026-06-19 13:47:20.369,127.0,1.9666666666666666,True,95.452333333,95.452333333
150,2026-06-19 13:47:14.166666667,2026-06-19 13:47:15.416666667,1,cortexvpu-01a-005-41884872_2026-06-19_12-47-14_776702.ts,cortexvpu-01a-005-41884872_2026-06-19_12-47-14_776702.ts,2026-06-19 13:47:20.369000,13:47:20 - 13:49:18,DB,Stuart McCandless,Unplanned operational,0:01:58,,Material Performance,Incompatable,Shrinkwrap,Shrinkwrapper,770116 JW BLACK 0.05L 40% 10x12 US,L6170CL001,,12578718,2026-06-19 13:47:20.369,2026-06-19 13:47:20.369,127.0,1.9666666666666666,True,6.202333333,6.202333333
151,2026-06-19 13:47:42.166666667,2026-06-19 13:47:50.916666667,1,cortexvpu-01a-005-41884872_2026-06-19_12-47-42_183333.ts,cortexvpu-01a-005-41884872_2026-06-19_12-47-42_183333.ts,2026-06-19 13:47:20.369000,13:47:20 - 13:49:18,DB,Stuart McCandless,Unplanned operational,0:01:58,,Material Performance,Incompatable,Shrinkwrap,Shrinkwrapper,770116 JW BLACK 0.05L 40% 10x12 US,L6170CL001,,12578718,2026-06-19 13:47:20.369,2026-06-19 13:47:20.369,127.0,1.9666666666666666,True,-21.797666667,21.797666667
152,2026-06-19 13:48:01.166666667,2026-06-19 13:48:04.166666667,1,cortexvpu-01a-005-41884872_2026-06-19_12-48-01_900000.ts,cortexvpu-01a-005-41884872_2026-06-19_12-48-01_900000.ts,2026-06-19 13:47:20.369000,13:47:20 - 13:49:18,DB,Stuart McCandless,Unplanned operational,0:01:58,,Material Performance,Incompatable,Shrinkwrap,Shrinkwrapper,770116 JW BLACK 0.05L 40% 10x12 US,L6170CL001,,12578718,2026-06-19 13:47:20.369,2026-06-19 13:47:20.369,127.0,1.9666666666666666,True,-40.797666667,40.797666667
153,2026-06-19 13:54:27.833333333,2026-06-19 13:54:44.500000000,1,cortexvpu-01a-005-41884872_2026-06-19_12-53-46_759612.ts,cortexvpu-01a-005-41884872_2026-06-19_12-53-46_759612.ts,,,,,,,,,,,,,,,,,,,,False,,
154,2026-06-19 13:55:58.333333333,2026-06-19 13:56:08.916666667,1,cortexvpu-01a-005-41884872_2026-06-19_12-55-42_785232.ts,cortexvpu-01a-005-41884872_2026-06-19_12-55-42_785232.ts,,,,,,,,,,,,,,,,,,,,False,,
155,2026-06-19 13:57:29.166666667,2026-06-19 13:57:43.083333333,3,cortexvpu-01a-005-41884872_2026-06-19_12-57-29_200000.ts,cortexvpu-01a-005-41884872_2026-06-19_12-57-38_200000.ts,,,,,,,,,,,,,,,,,,,,False,,
156,2026-06-19 13:59:21.166666667,2026-06-19 13:59:26.166666667,1,cortexvpu-01a-005-41884872_2026-06-19_12-59-21_200000.ts,cortexvpu-01a-005-41884872_2026-06-19_12-59-21_200000.ts,,,,,,,,,,,,,,,,,,,,False,,
157,2026-06-19 13:59:30.166666667,2026-06-19 13:59:32.000000000,1,cortexvpu-01a-005-41884872_2026-06-19_12-59-30_200000.ts,cortexvpu-01a-005-41884872_2026-06-19_12-59-30_200000.ts,,,,,,,,,,,,,,,,,,,,False,,
158,2026-06-19 13:59:45.166666667,2026-06-19 13:59:50.250000000,2,cortexvpu-01a-005-41884872_2026-06-19_12-59-45_200000.ts,cortexvpu-01a-005-41884872_2026-06-19_12-59-33_200000.ts,,,,,,,,,,,,,,,,,,,,False,,
159,2026-06-19 13:59:53.166666667,2026-06-19 13:59:56.750000000,1,cortexvpu-01a-005-41884872_2026-06-19_12-59-53_933333.ts,cortexvpu-01a-005-41884872_2026-06-19_12-59-53_933333.ts,,,,,,,,,,,,,,,,,,,,False,,
160,2026-06-19 14:00:18.166666667,2026-06-19 14:00:21.166666667,1,cortexvpu-01a-005-41884872_2026-06-19_13-00-18_900000.ts,cortexvpu-01a-005-41884872_2026-06-19_13-00-18_900000.ts,,,,,,,,,,,,,,,,,,,,False,,
161,2026-06-19 14:17:31.166666667,2026-06-19 14:17:44.166666667,1,cortexvpu-01a-005-41884872_2026-06-19_13-17-18_821097.ts,cortexvpu-01a-005-41884872_2026-06-19_13-17-18_821097.ts,2026-06-19 14:18:22.154000,14:18:22 - 14:20:56,DB,Stuart McCandless,Unplanned operational,0:02:34,,Material Performance,Incompatable,Shrinkwrap,Shrinkwrapper,770116 JW BLACK 0.05L 40% 10x12 US,L6170CL001,,12578718,2026-06-19 14:18:22.154,2026-06-19 14:18:22.154,128.0,2.566666666666667,True,50.987333333,50.987333333
162,2026-06-19 14:18:22.166666667,2026-06-19 14:18:28.583333333,1,cortexvpu-01a-005-41884872_2026-06-19_13-18-22_900000.ts,cortexvpu-01a-005-41884872_2026-06-19_13-18-22_900000.ts,2026-06-19 14:18:22.154000,14:18:22 - 14:20:56,DB,Stuart McCandless,Unplanned operational,0:02:34,,Material Performance,Incompatable,Shrinkwrap,Shrinkwrapper,770116 JW BLACK 0.05L 40% 10x12 US,L6170CL001,,12578718,2026-06-19 14:18:22.154,2026-06-19 14:18:22.154,128.0,2.566666666666667,True,-0.012666667,0.012666667
163,2026-06-19 14:19:05.166666667,2026-06-19 14:19:08.333333333,1,cortexvpu-01a-005-41884872_2026-06-19_13-19-05_933333.ts,cortexvpu-01a-005-41884872_2026-06-19_13-19-05_933333.ts,2026-06-19 14:18:22.154000,14:18:22 - 14:20:56,DB,Stuart McCandless,Unplanned operational,0:02:34,,Material Performance,Incompatable,Shrinkwrap,Shrinkwrapper,770116 JW BLACK 0.05L 40% 10x12 US,L6170CL001,,12578718,2026-06-19 14:18:22.154,2026-06-19 14:18:22.154,128.0,2.566666666666667,True,-43.012666667,43.012666667
164,2026-06-19 14:19:51.166666667,2026-06-19 14:19:53.750000000,1,cortexvpu-01a-005-41884872_2026-06-19_13-19-51_900000.ts,cortexvpu-01a-005-41884872_2026-06-19_13-19-51_900000.ts,2026-06-19 14:18:22.154000,14:18:22 - 14:20:56,DB,Stuart McCandless,Unplanned operational,0:02:34,,Material Performance,Incompatable,Shrinkwrap,Shrinkwrapper,770116 JW BLACK 0.05L 40% 10x12 US,L6170CL001,,12578718,2026-06-19 14:18:22.154,2026-06-19 14:18:22.154,128.0,2.566666666666667,True,-89.012666667,89.012666667
165,2026-06-19 14:23:38.916666667,2026-06-19 14:23:44.250000000,1,cortexvpu-01a-005-41884872_2026-06-19_13-22-18_900000.ts,cortexvpu-01a-005-41884872_2026-06-19_13-22-18_900000.ts,2026-06-19 14:24:26.805000,14:24:26 - 14:24:54,DB,Stuart McCandless,Unplanned operational,0:00:27,,Material Performance,Incompatable,Shrinkwrap,Shrinkwrapper,770116 JW BLACK 0.05L 40% 10x12 US,L6170CL001,,12578718,2026-06-19 14:24:26.805,2026-06-19 14:24:26.805,129.0,0.45,True,47.888333333,47.888333333
166,2026-06-19 14:30:39.583333333,2026-06-19 14:30:59.166666667,1,cortexvpu-01a-005-41884872_2026-06-19_13-29-59_917591.ts,cortexvpu-01a-005-41884872_2026-06-19_13-29-59_917591.ts,2026-06-19 14:31:30.673000,14:31:30 - 14:34:15,DB,Stuart McCandless,Unplanned operational,0:02:45,,Material Performance,Incompatable,Shrinkwrap,Shrinkwrapper,770116 JW BLACK 0.05L 40% 10x12 US,L6170CL001,,12578718,2026-06-19 14:31:30.673,2026-06-19 14:31:30.673,130.0,2.75,True,51.089666667,51.089666667
167,2026-06-19 14:31:51.166666667,2026-06-19 14:31:53.666666667,1,cortexvpu-01a-005-41884872_2026-06-19_13-31-51_250000.ts,cortexvpu-01a-005-41884872_2026-06-19_13-31-51_250000.ts,2026-06-19 14:31:30.673000,14:31:30 - 14:34:15,DB,Stuart McCandless,Unplanned operational,0:02:45,,Material Performance,Incompatable,Shrinkwrap,Shrinkwrapper,770116 JW BLACK 0.05L 40% 10x12 US,L6170CL001,,12578718,2026-06-19 14:31:30.673,2026-06-19 14:31:30.673,130.0,2.75,True,-20.493666667,20.493666667
168,2026-06-19 14:31:58.166666667,2026-06-19 14:32:06.750000000,1,cortexvpu-01a-005-41884872_2026-06-19_13-31-58_250000.ts,cortexvpu-01a-005-41884872_2026-06-19_13-31-58_250000.ts,2026-06-19 14:31:30.673000,14:31:30 - 14:34:15,DB,Stuart McCandless,Unplanned operational,0:02:45,,Material Performance,Incompatable,Shrinkwrap,Shrinkwrapper,770116 JW BLACK 0.05L 40% 10x12 US,L6170CL001,,12578718,2026-06-19 14:31:30.673,2026-06-19 14:31:30.673,130.0,2.75,True,-27.493666667,27.493666667
169,2026-06-19 14:32:28.166666667,2026-06-19 14:32:31.000000000,1,cortexvpu-01a-005-41884872_2026-06-19_13-32-28_900000.ts,cortexvpu-01a-005-41884872_2026-06-19_13-32-28_900000.ts,2026-06-19 14:31:30.673000,14:31:30 - 14:34:15,DB,Stuart McCandless,Unplanned operational,0:02:45,,Material Performance,Incompatable,Shrinkwrap,Shrinkwrapper,770116 JW BLACK 0.05L 40% 10x12 US,L6170CL001,,12578718,2026-06-19 14:31:30.673,2026-06-19 14:31:30.673,130.0,2.75,True,-57.493666667,57.493666667
170,2026-06-19 14:36:44.583333333,2026-06-19 14:36:56.666666667,1,cortexvpu-01a-005-41884872_2026-06-19_13-36-17_823189.ts,cortexvpu-01a-005-41884872_2026-06-19_13-36-17_823189.ts,,,,,,,,,,,,,,,,,,,,False,,
171,2026-06-19 14:38:20.250000000,2026-06-19 14:38:22.666666667,1,cortexvpu-01a-005-41884872_2026-06-19_13-38-13_859589.ts,cortexvpu-01a-005-41884872_2026-06-19_13-38-13_859589.ts,,,,,,,,,,,,,,,,,,,,False,,
172,2026-06-19 14:39:39.166666667,2026-06-19 14:39:42.583333333,1,cortexvpu-01a-005-41884872_2026-06-19_13-39-39_966667.ts,cortexvpu-01a-005-41884872_2026-06-19_13-39-39_966667.ts,,,,,,,,,,,,,,,,,,,,False,,
173,2026-06-19 14:40:06.166666667,2026-06-19 14:40:08.916666667,1,cortexvpu-01a-005-41884872_2026-06-19_13-40-06_250000.ts,cortexvpu-01a-005-41884872_2026-06-19_13-40-06_250000.ts,,,,,,,,,,,,,,,,,,,,False,,
174,2026-06-19 14:52:33.833333333,2026-06-19 14:52:42.333333333,1,cortexvpu-01a-005-41884872_2026-06-19_13-52-19_874582.ts,cortexvpu-01a-005-41884872_2026-06-19_13-52-19_874582.ts,2026-06-19 14:53:19.827000,14:53:19 - 14:54:34,DB,Stuart McCandless,Unplanned operational,0:01:14,,Material Performance,Incompatable,Shrinkwrap,Shrinkwrapper,770116 JW BLACK 0.05L 40% 10x12 US,L6170CL001,,12578718,2026-06-19 14:53:19.827,2026-06-19 14:53:19.827,133.0,1.2333333333333334,True,45.993666667,45.993666667
175,2026-06-19 14:53:32.166666667,2026-06-19 14:53:35.166666667,1,cortexvpu-01a-005-41884872_2026-06-19_13-53-32_900000.ts,cortexvpu-01a-005-41884872_2026-06-19_13-53-32_900000.ts,2026-06-19 14:53:19.827000,14:53:19 - 14:54:34,DB,Stuart McCandless,Unplanned operational,0:01:14,,Material Performance,Incompatable,Shrinkwrap,Shrinkwrapper,770116 JW BLACK 0.05L 40% 10x12 US,L6170CL001,,12578718,2026-06-19 14:53:19.827,2026-06-19 14:53:19.827,133.0,1.2333333333333334,True,-12.339666667,12.339666667
176,2026-06-19 14:56:58.666666667,2026-06-19 14:57:10.500000000,1,cortexvpu-01a-005-41884872_2026-06-19_13-55-25_943526.ts,cortexvpu-01a-005-41884872_2026-06-19_13-55-25_943526.ts,2026-06-19 14:57:47.430000,14:57:47 - 14:59:36,DB,Stuart McCandless,Unplanned operational,0:01:49,,Material Performance,Incompatable,Shrinkwrap,Shrinkwrapper,770116 JW BLACK 0.05L 40% 10x12 US,L6170CL001,,12578718,2026-06-19 14:57:47.430,2026-06-19 14:57:47.430,134.0,1.8166666666666667,True,48.763333333,48.763333333
177,2026-06-19 14:57:21.166666667,2026-06-19 14:57:22.916666667,1,cortexvpu-01a-005-41884872_2026-06-19_13-57-21_814112.ts,cortexvpu-01a-005-41884872_2026-06-19_13-57-21_814112.ts,2026-06-19 14:57:47.430000,14:57:47 - 14:59:36,DB,Stuart McCandless,Unplanned operational,0:01:49,,Material Performance,Incompatable,Shrinkwrap,Shrinkwrapper,770116 JW BLACK 0.05L 40% 10x12 US,L6170CL001,,12578718,2026-06-19 14:57:47.430,2026-06-19 14:57:47.430,134.0,1.8166666666666667,True,26.263333333,26.263333333
178,2026-06-19 15:07:03.083333333,2026-06-19 15:07:19.833333333,1,cortexvpu-01a-005-41884872_2026-06-19_14-07-01_945370.ts,cortexvpu-01a-005-41884872_2026-06-19_14-07-01_945370.ts,2026-06-19 15:07:55.753000,15:07:55 - 15:09:58,DB,Stuart McCandless,Unplanned operational,0:02:03,,Material Performance,Incompatable,Shrinkwrap,Shrinkwrapper,770116 JW BLACK 0.05L 40% 10x12 US,L6170CL001,,12578718,2026-06-19 15:07:55.753,2026-06-19 15:07:55.753,135.0,2.05,True,52.669666667,52.669666667
179,2026-06-19 15:08:57.166666667,2026-06-19 15:08:58.583333333,1,cortexvpu-01a-005-41884872_2026-06-19_14-08-57_886853.ts,cortexvpu-01a-005-41884872_2026-06-19_14-08-57_886853.ts,2026-06-19 15:07:55.753000,15:07:55 - 15:09:58,DB,Stuart McCandless,Unplanned operational,0:02:03,,Material Performance,Incompatable,Shrinkwrap,Shrinkwrapper,770116 JW BLACK 0.05L 40% 10x12 US,L6170CL001,,12578718,2026-06-19 15:07:55.753,2026-06-19 15:07:55.753,135.0,2.05,True,-61.413666667,61.413666667
180,2026-06-19 15:08:59.166666667,2026-06-19 15:09:01.583333333,1,cortexvpu-01a-005-41884872_2026-06-19_14-08-59_316667.ts,cortexvpu-01a-005-41884872_2026-06-19_14-08-59_316667.ts,2026-06-19 15:07:55.753000,15:07:55 - 15:09:58,DB,Stuart McCandless,Unplanned operational,0:02:03,,Material Performance,Incompatable,Shrinkwrap,Shrinkwrapper,770116 JW BLACK 0.05L 40% 10x12 US,L6170CL001,,12578718,2026-06-19 15:07:55.753,2026-06-19 15:07:55.753,135.0,2.05,True,-63.413666667,63.413666667
181,2026-06-19 15:13:05.333333333,2026-06-19 15:13:27.583333333,1,cortexvpu-01a-005-41884872_2026-06-19_14-12-48_915643.ts,cortexvpu-01a-005-41884872_2026-06-19_14-12-48_915643.ts,,,,,,,,,,,,,,,,,,,,False,,
182,2026-06-19 15:14:45.166666667,2026-06-19 15:14:46.916666667,1,cortexvpu-01a-005-41884872_2026-06-19_14-14-45_004644.ts,cortexvpu-01a-005-41884872_2026-06-19_14-14-45_004644.ts,,,,,,,,,,,,,,,,,,,,False,,
183,2026-06-19 15:15:06.166666667,2026-06-19 15:15:18.666666667,2,cortexvpu-01a-005-41884872_2026-06-19_14-15-05_316667.ts,cortexvpu-01a-005-41884872_2026-06-19_14-15-16_316667.ts,,,,,,,,,,,,,,,,,,,,False,,
184,2026-06-19 15:17:10.166666667,2026-06-19 15:17:23.750000000,1,cortexvpu-01a-005-41884872_2026-06-19_14-17-09_945733.ts,cortexvpu-01a-005-41884872_2026-06-19_14-17-09_945733.ts,,,,,,,,,,,,,,,,,,,,False,,
185,2026-06-19 15:35:52.500000000,2026-06-19 15:35:59.916666667,1,cortexvpu-01a-005-41884872_2026-06-19_14-35-13_947515.ts,cortexvpu-01a-005-41884872_2026-06-19_14-35-13_947515.ts,,,,,,,,,,,,,,,,,,,,False,,
186,2026-06-19 16:23:49.166666667,2026-06-19 16:24:11.583333333,1,cortexvpu-01a-005-41884872_2026-06-19_15-22-57_017063.ts,cortexvpu-01a-005-41884872_2026-06-19_15-22-57_017063.ts,2026-06-19 16:23:28.497000,16:23:28 - 16:23:52,DB,Stuart McCandless,Unplanned operational,0:00:24,,Material Performance,Incompatable,Shrinkwrap,Shrinkwrapper,770116 JW BLACK 0.05L 40% 10x12 US,L6170CL001,,12578718,2026-06-19 16:23:28.497,2026-06-19 16:23:28.497,136.0,0.4,True,-20.669666667,20.669666667
187,2026-06-19 16:29:31.500000000,2026-06-19 16:29:45.250000000,2,cortexvpu-01a-005-41884872_2026-06-19_15-29-29_450000.ts,cortexvpu-01a-005-41884872_2026-06-19_15-28-03_933333.ts,2026-06-19 16:29:56.329000,16:29:56 - 16:31:23,DB,Stuart McCandless,Unplanned operational,0:01:27,,Material Performance,Incompatable,Shrinkwrap,Shrinkwrapper,770116 JW BLACK 0.05L 40% 10x12 US,L6170CL001,,12578718,2026-06-19 16:29:56.329,2026-06-19 16:29:56.329,139.0,1.45,True,24.829,24.829
188,2026-06-19 16:33:52.166666667,2026-06-19 16:33:53.666666667,1,cortexvpu-01a-005-41884872_2026-06-19_15-33-19_090601.ts,cortexvpu-01a-005-41884872_2026-06-19_15-33-19_090601.ts,2026-06-19 16:34:16.132000,16:34:16 - 16:35:07,DB,Stuart McCandless,Unplanned operational,0:00:51,,Material Performance,Incompatable,Shrinkwrap,Shrinkwrapper,770116 JW BLACK 0.05L 40% 10x12 US,L6170CL001,,12578718,2026-06-19 16:34:16.132,2026-06-19 16:34:16.132,140.0,0.85,True,23.965333333,23.965333333
189,2026-06-19 16:54:34.166666667,2026-06-19 16:55:29.333333333,1,cortexvpu-01a-005-41884872_2026-06-19_15-54-20_060566.ts,cortexvpu-01a-005-41884872_2026-06-19_15-54-20_060566.ts,2026-06-19 16:54:15.166000,16:54:15 - 16:56:58,DB,Stuart McCandless,Unplanned operational,0:02:44,,Material Performance,Incompatable,Shrinkwrap,Shrinkwrapper,770116 JW BLACK 0.05L 40% 10x12 US,L6170CL001,,12578718,2026-06-19 16:54:15.166,2026-06-19 16:54:15.166,143.0,2.7333333333333334,True,-19.000666667,19.000666667
190,2026-06-19 16:56:24.583333333,2026-06-19 16:56:32.750000000,1,cortexvpu-01a-005-41884872_2026-06-19_15-56-16_087857.ts,cortexvpu-01a-005-41884872_2026-06-19_15-56-16_087857.ts,,,,,,,,,,,,,,,,,,,,False,,
191,2026-06-19 17:01:17.666666667,2026-06-19 17:01:31.833333333,2,cortexvpu-01a-005-41884872_2026-06-19_16-00-08_101391.ts,cortexvpu-01a-005-41884872_2026-06-19_16-01-27_500000.ts,2026-06-19 17:01:56.069000,17:01:56 - 17:04:08,DB,Scott Bennett,Unplanned operational,0:02:12,,Material Performance,Incompatable,Shrinkwrap,Shrinkwrapper,770116 JW BLACK 0.05L 40% 10x12 US,L6170CL001,,12578718,2026-06-19 17:01:56.069,2026-06-19 17:01:56.069,146.0,2.2,True,38.402333333,38.402333333
192,2026-06-19 17:07:12.416666667,2026-06-19 17:07:20.750000000,1,cortexvpu-01a-005-41884872_2026-06-19_16-06-56_093845.ts,cortexvpu-01a-005-41884872_2026-06-19_16-06-56_093845.ts,,,,,,,,,,,,,,,,,,,,False,,
193,2026-06-19 17:12:57.333333333,2026-06-19 17:13:06.500000000,1,cortexvpu-01a-005-41884872_2026-06-19_16-12-44_115306.ts,cortexvpu-01a-005-41884872_2026-06-19_16-12-44_115306.ts,2026-06-19 17:13:32.594000,17:13:32 - 17:14:28,DB,Stuart McCandless,Unplanned operational,0:00:56,,Material Performance,Incompatable,Shrinkwrap,Shrinkwrapper,770116 JW BLACK 0.05L 40% 10x12 US,L6170CL001,,12578718,2026-06-19 17:13:32.594,2026-06-19 17:13:32.594,147.0,0.9333333333333333,True,35.260666667,35.260666667
194,2026-06-19 17:21:02.750000000,2026-06-19 17:21:19.250000000,2,cortexvpu-01a-005-41884872_2026-06-19_16-19-22_138442.ts,cortexvpu-01a-005-41884872_2026-06-19_16-21-18_126241.ts,2026-06-19 17:21:59.361000,17:21:59 - 17:23:46,DB,Stuart McCandless,Unplanned operational,0:01:47,,Material Performance,Incompatable,Shrinkwrap,Shrinkwrapper,770116 JW BLACK 0.05L 40% 10x12 US,L6170CL001,,12578718,2026-06-19 17:21:59.361,2026-06-19 17:21:59.361,148.0,1.7833333333333334,True,56.611,56.611
195,2026-06-19 17:41:36.500000000,2026-06-19 17:41:50.666666667,1,cortexvpu-01a-005-41884872_2026-06-19_16-41-27_204708.ts,cortexvpu-01a-005-41884872_2026-06-19_16-41-27_204708.ts,2026-06-19 17:42:21.327000,17:42:21 - 17:42:57,DB,Stuart McCandless,Unplanned operational,0:00:36,,Material Performance,Incompatable,Shrinkwrap,Shrinkwrapper,770116 JW BLACK 0.05L 40% 10x12 US,L6170CL001,,12578718,2026-06-19 17:42:21.327,2026-06-19 17:42:21.327,149.0,0.6,True,44.827,44.827
196,2026-06-19 17:47:33.000000000,2026-06-19 17:47:49.666666667,1,cortexvpu-01a-005-41884872_2026-06-19_16-47-15_190690.ts,cortexvpu-01a-005-41884872_2026-06-19_16-47-15_190690.ts,2026-06-19 17:48:28.240000,17:48:28 - 17:49:54,DB,Stuart McCandless,Unplanned operational,0:01:26,,Material Performance,Incompatable,Shrinkwrap,Shrinkwrapper,770116 JW BLACK 0.05L 40% 10x12 US,L6170CL001,,12578718,2026-06-19 17:48:28.240,2026-06-19 17:48:28.240,150.0,1.4333333333333333,True,55.24,55.24
197,2026-06-19 17:53:10.583333333,2026-06-19 17:53:20.416666667,1,cortexvpu-01a-005-41884872_2026-06-19_16-52-09_121093.ts,cortexvpu-01a-005-41884872_2026-06-19_16-52-09_121093.ts,,,,,,,,,,,,,,,,,,,,False,,
198,2026-06-19 18:06:27.833333333,2026-06-19 18:06:36.833333333,1,cortexvpu-01a-005-41884872_2026-06-19_17-05-41_222190.ts,cortexvpu-01a-005-41884872_2026-06-19_17-05-41_222190.ts,2026-06-19 18:07:17.432000,18:07:17 - 18:08:16,DB,Stuart McCandless,Unplanned operational,0:00:59,,Material Performance,Incompatable,Shrinkwrap,Shrinkwrapper,770116 JW BLACK 0.05L 40% 10x12 US,L6170CL001,,12578718,2026-06-19 18:07:17.432,2026-06-19 18:07:17.432,151.0,0.9833333333333333,True,49.598666667,49.598666667
199,2026-06-19 18:08:49.500000000,2026-06-19 18:09:01.250000000,1,cortexvpu-01a-005-41884872_2026-06-19_17-07-37_254742.ts,cortexvpu-01a-005-41884872_2026-06-19_17-07-37_254742.ts,2026-06-19 18:07:17.432000,18:07:17 - 18:08:16,DB,Stuart McCandless,Unplanned operational,0:00:59,,Material Performance,Incompatable,Shrinkwrap,Shrinkwrapper,770116 JW BLACK 0.05L 40% 10x12 US,L6170CL001,,12578718,2026-06-19 18:07:17.432,2026-06-19 18:07:17.432,151.0,0.9833333333333333,True,-92.068,92.068
200,2026-06-19 18:09:33.166666667,2026-06-19 18:09:35.000000000,1,cortexvpu-01a-005-41884872_2026-06-19_17-09-33_266625.ts,cortexvpu-01a-005-41884872_2026-06-19_17-09-33_266625.ts,,,,,,,,,,,,,,,,,,,,False,,
201,2026-06-19 18:11:31.416666667,2026-06-19 18:11:35.000000000,1,cortexvpu-01a-005-41884872_2026-06-19_17-11-29_290251.ts,cortexvpu-01a-005-41884872_2026-06-19_17-11-29_290251.ts,,,,,,,,,,,,,,,,,,,,False,,
202,2026-06-19 18:11:35.166666667,2026-06-19 18:11:39.583333333,1,cortexvpu-01a-005-41884872_2026-06-19_17-11-35_616667.ts,cortexvpu-01a-005-41884872_2026-06-19_17-11-35_616667.ts,,,,,,,,,,,,,,,,,,,,False,,
203,2026-06-19 18:12:51.416666667,2026-06-19 18:13:02.916666667,1,cortexvpu-01a-005-41884872_2026-06-19_17-12-50_033333.ts,cortexvpu-01a-005-41884872_2026-06-19_17-12-50_033333.ts,,,,,,,,,,,,,,,,,,,,False,,
204,2026-06-19 18:13:05.166666667,2026-06-19 18:13:08.083333333,1,cortexvpu-01a-005-41884872_2026-06-19_17-13-05_933333.ts,cortexvpu-01a-005-41884872_2026-06-19_17-13-05_933333.ts,,,,,,,,,,,,,,,,,,,,False,,
205,2026-06-19 18:20:25.916666667,2026-06-19 18:20:41.166666667,1,cortexvpu-01a-005-41884872_2026-06-19_17-18-51_254206.ts,cortexvpu-01a-005-41884872_2026-06-19_17-18-51_254206.ts,2026-06-19 18:21:13.843000,18:21:13 - 18:21:40,DB,Stuart McCandless,Unplanned operational,0:00:26,,Material Performance,Incompatable,Shrinkwrap,Shrinkwrapper,770116 JW BLACK 0.05L 40% 10x12 US,L6170CL001,,12578718,2026-06-19 18:21:13.843,2026-06-19 18:21:13.843,152.0,0.43333333333333335,True,47.926333333,47.926333333
206,2026-06-19 18:20:47.166666667,2026-06-19 18:20:52.083333333,1,cortexvpu-01a-005-41884872_2026-06-19_17-20-47_222404.ts,cortexvpu-01a-005-41884872_2026-06-19_17-20-47_222404.ts,2026-06-19 18:21:13.843000,18:21:13 - 18:21:40,DB,Stuart McCandless,Unplanned operational,0:00:26,,Material Performance,Incompatable,Shrinkwrap,Shrinkwrapper,770116 JW BLACK 0.05L 40% 10x12 US,L6170CL001,,12578718,2026-06-19 18:21:13.843,2026-06-19 18:21:13.843,152.0,0.43333333333333335,True,26.676333333,26.676333333
207,2026-06-19 18:23:52.000000000,2026-06-19 18:24:21.416666667,1,cortexvpu-01a-005-41884872_2026-06-19_17-22-43_254786.ts,cortexvpu-01a-005-41884872_2026-06-19_17-22-43_254786.ts,,,,,,,,,,,,,,,,,,,,False,,
208,2026-06-19 18:24:40.166666667,2026-06-19 18:24:45.000000000,1,cortexvpu-01a-005-41884872_2026-06-19_17-24-39_157138.ts,cortexvpu-01a-005-41884872_2026-06-19_17-24-39_157138.ts,,,,,,,,,,,,,,,,,,,,False,,
209,2026-06-19 18:26:35.166666667,2026-06-19 18:26:36.416666667,1,cortexvpu-01a-005-41884872_2026-06-19_17-26-35_394568.ts,cortexvpu-01a-005-41884872_2026-06-19_17-26-35_394568.ts,,,,,,,,,,,,,,,,,,,,False,,
210,2026-06-19 18:28:31.166666667,2026-06-19 18:28:33.083333333,1,cortexvpu-01a-005-41884872_2026-06-19_17-28-30_933333.ts,cortexvpu-01a-005-41884872_2026-06-19_17-28-30_933333.ts,2026-06-19 18:28:48.178000,18:28:48 - 18:29:31,DB,Stuart McCandless,Unplanned operational,0:00:44,,Material Performance,Incompatable,Shrinkwrap,Shrinkwrapper,770116 JW BLACK 0.05L 40% 10x12 US,L6170CL001,,12578718,2026-06-19 18:28:48.178,2026-06-19 18:28:48.178,153.0,0.7333333333333333,True,17.011333333,17.011333333
211,2026-06-19 18:30:24.166666667,2026-06-19 18:30:31.583333333,1,cortexvpu-01a-005-41884872_2026-06-19_17-30-24_298221.ts,cortexvpu-01a-005-41884872_2026-06-19_17-30-24_298221.ts,2026-06-19 18:29:53.714000,18:29:53 - 18:32:39,DB,Stuart McCandless,Unplanned operational,0:02:46,,Material Performance,Incompatable,Shrinkwrap,Shrinkwrapper,770116 JW BLACK 0.05L 40% 10x12 US,L6170CL001,,12578718,2026-06-19 18:29:53.714,2026-06-19 18:29:53.714,154.0,2.7666666666666666,True,-30.452666667,30.452666667
212,2026-06-19 18:31:30.166666667,2026-06-19 18:31:31.166666667,1,cortexvpu-01a-005-41884872_2026-06-19_17-31-26_650000.ts,cortexvpu-01a-005-41884872_2026-06-19_17-31-26_650000.ts,2026-06-19 18:29:53.714000,18:29:53 - 18:32:39,DB,Stuart McCandless,Unplanned operational,0:02:46,,Material Performance,Incompatable,Shrinkwrap,Shrinkwrapper,770116 JW BLACK 0.05L 40% 10x12 US,L6170CL001,,12578718,2026-06-19 18:29:53.714,2026-06-19 18:29:53.714,154.0,2.7666666666666666,True,-96.452666667,96.452666667
213,2026-06-19 18:31:37.166666667,2026-06-19 18:31:39.666666667,1,cortexvpu-01a-005-41884872_2026-06-19_17-31-37_650000.ts,cortexvpu-01a-005-41884872_2026-06-19_17-31-37_650000.ts,2026-06-19 18:29:53.714000,18:29:53 - 18:32:39,DB,Stuart McCandless,Unplanned operational,0:02:46,,Material Performance,Incompatable,Shrinkwrap,Shrinkwrapper,770116 JW BLACK 0.05L 40% 10x12 US,L6170CL001,,12578718,2026-06-19 18:29:53.714,2026-06-19 18:29:53.714,154.0,2.7666666666666666,True,-103.452666667,103.452666667
214,2026-06-19 18:44:26.083333333,2026-06-19 18:45:18.916666667,5,cortexvpu-01a-005-41884872_2026-06-19_17-44-25_666667.ts,cortexvpu-01a-005-41884872_2026-06-19_17-45-04_933333.ts,,,,,,,,,,,,,,,,,,,,False,,
215,2026-06-20 06:32:12.166666667,2026-06-20 06:32:14.416666667,1,cortexvpu-01a-005-41884872_2026-06-20_05-32-12_966667.ts,cortexvpu-01a-005-41884872_2026-06-20_05-32-12_966667.ts,,,,,,,,,,,,,,,,,,,,False,,
216,2026-06-20 06:53:51.166666667,2026-06-20 06:53:57.583333333,2,cortexvpu-01a-005-41884872_2026-06-20_05-53-51_016667.ts,cortexvpu-01a-005-41884872_2026-06-20_05-52-58_200000.ts,,,,,,,,,,,,,,,,,,,,False,,
217,2026-06-20 06:55:07.166666667,2026-06-20 06:55:09.500000000,1,cortexvpu-01a-005-41884872_2026-06-20_05-55-07_016667.ts,cortexvpu-01a-005-41884872_2026-06-20_05-55-07_016667.ts,,,,,,,,,,,,,,,,,,,,False,,
218,2026-06-20 06:57:21.333333333,2026-06-20 06:57:43.916666667,1,cortexvpu-01a-005-41884872_2026-06-20_05-56-37_016667.ts,cortexvpu-01a-005-41884872_2026-06-20_05-56-37_016667.ts,,,,,,,,,,,,,,,,,,,,False,,
219,2026-06-20 06:58:02.333333333,2026-06-20 06:58:04.833333333,1,cortexvpu-01a-005-41884872_2026-06-20_05-58-02_016667.ts,cortexvpu-01a-005-41884872_2026-06-20_05-58-02_016667.ts,,,,,,,,,,,,,,,,,,,,False,,
220,2026-06-20 06:58:20.166666667,2026-06-20 06:58:22.250000000,1,cortexvpu-01a-005-41884872_2026-06-20_05-58-20_016667.ts,cortexvpu-01a-005-41884872_2026-06-20_05-58-20_016667.ts,,,,,,,,,,,,,,,,,,,,False,,
221,2026-06-20 07:04:07.166666667,2026-06-20 07:04:30.583333333,2,cortexvpu-01a-005-41884872_2026-06-20_06-04-07_550614.ts,cortexvpu-01a-005-41884872_2026-06-20_06-02-14_016667.ts,2026-06-20 07:05:16.006000,07:05:16 - 07:06:35,DB,Stuart McCandless,Unplanned operational,0:01:20,,Material Performance,Incompatable,Shrinkwrap,Shrinkwrapper,770116 JW BLACK 0.05L 40% 10x12 US,L6170CL001,,12578718,2026-06-20 07:05:16.006,2026-06-20 07:05:16.006,158.0,1.3333333333333333,True,68.839333333,68.839333333
222,2026-06-20 07:05:25.166666667,2026-06-20 07:05:27.416666667,1,cortexvpu-01a-005-41884872_2026-06-20_06-05-25_016667.ts,cortexvpu-01a-005-41884872_2026-06-20_06-05-25_016667.ts,2026-06-20 07:05:16.006000,07:05:16 - 07:06:35,DB,Stuart McCandless,Unplanned operational,0:01:20,,Material Performance,Incompatable,Shrinkwrap,Shrinkwrapper,770116 JW BLACK 0.05L 40% 10x12 US,L6170CL001,,12578718,2026-06-20 07:05:16.006,2026-06-20 07:05:16.006,158.0,1.3333333333333333,True,-9.160666667,9.160666667
223,2026-06-20 07:05:40.166666667,2026-06-20 07:05:42.250000000,1,cortexvpu-01a-005-41884872_2026-06-20_06-05-40_016667.ts,cortexvpu-01a-005-41884872_2026-06-20_06-05-40_016667.ts,2026-06-20 07:05:16.006000,07:05:16 - 07:06:35,DB,Stuart McCandless,Unplanned operational,0:01:20,,Material Performance,Incompatable,Shrinkwrap,Shrinkwrapper,770116 JW BLACK 0.05L 40% 10x12 US,L6170CL001,,12578718,2026-06-20 07:05:16.006,2026-06-20 07:05:16.006,158.0,1.3333333333333333,True,-24.160666667,24.160666667
224,2026-06-20 07:19:43.250000000,2026-06-20 07:19:55.750000000,1,cortexvpu-01a-005-41884872_2026-06-20_06-18-32_610613.ts,cortexvpu-01a-005-41884872_2026-06-20_06-18-32_610613.ts,,,,,,,,,,,,,,,,,,,,False,,
225,2026-06-20 07:20:28.166666667,2026-06-20 07:20:30.916666667,1,cortexvpu-01a-005-41884872_2026-06-20_06-20-28_611676.ts,cortexvpu-01a-005-41884872_2026-06-20_06-20-28_611676.ts,,,,,,,,,,,,,,,,,,,,False,,
226,2026-06-20 07:24:24.500000000,2026-06-20 07:24:34.750000000,1,cortexvpu-01a-005-41884872_2026-06-20_06-23-08_033333.ts,cortexvpu-01a-005-41884872_2026-06-20_06-23-08_033333.ts,,,,,,,,,,,,,,,,,,,,False,,
227,2026-06-20 07:27:47.083333333,2026-06-20 07:27:53.000000000,1,cortexvpu-01a-005-41884872_2026-06-20_06-26-26_066667.ts,cortexvpu-01a-005-41884872_2026-06-20_06-26-26_066667.ts,,,,,,,,,,,,,,,,,,,,False,,
228,2026-06-20 07:33:55.416666667,2026-06-20 07:33:58.750000000,1,cortexvpu-01a-005-41884872_2026-06-20_06-33-23_066667.ts,cortexvpu-01a-005-41884872_2026-06-20_06-33-23_066667.ts,,,,,,,,,,,,,,,,,,,,False,,
229,2026-06-20 07:35:40.166666667,2026-06-20 07:35:41.416666667,1,cortexvpu-01a-005-41884872_2026-06-20_06-35-40_033333.ts,cortexvpu-01a-005-41884872_2026-06-20_06-35-40_033333.ts,,,,,,,,,,,,,,,,,,,,False,,
230,2026-06-20 07:35:58.166666667,2026-06-20 07:36:02.000000000,1,cortexvpu-01a-005-41884872_2026-06-20_06-35-58_033333.ts,cortexvpu-01a-005-41884872_2026-06-20_06-35-58_033333.ts,,,,,,,,,,,,,,,,,,,,False,,
231,2026-06-20 07:36:20.166666667,2026-06-20 07:36:22.750000000,1,cortexvpu-01a-005-41884872_2026-06-20_06-36-20_033333.ts,cortexvpu-01a-005-41884872_2026-06-20_06-36-20_033333.ts,,,,,,,,,,,,,,,,,,,,False,,
232,2026-06-20 07:36:38.166666667,2026-06-20 07:36:44.083333333,1,cortexvpu-01a-005-41884872_2026-06-20_06-36-38_033333.ts,cortexvpu-01a-005-41884872_2026-06-20_06-36-38_033333.ts,,,,,,,,,,,,,,,,,,,,False,,
233,2026-06-20 07:37:11.166666667,2026-06-20 07:37:21.916666667,1,cortexvpu-01a-005-41884872_2026-06-20_06-37-11_033333.ts,cortexvpu-01a-005-41884872_2026-06-20_06-37-11_033333.ts,,,,,,,,,,,,,,,,,,,,False,,
234,2026-06-20 07:38:03.166666667,2026-06-20 07:38:06.583333333,1,cortexvpu-01a-005-41884872_2026-06-20_06-38-03_083333.ts,cortexvpu-01a-005-41884872_2026-06-20_06-38-03_083333.ts,,,,,,,,,,,,,,,,,,,,False,,
235,2026-06-20 07:38:24.166666667,2026-06-20 07:38:34.500000000,3,cortexvpu-01a-005-41884872_2026-06-20_06-38-24_083333.ts,cortexvpu-01a-005-41884872_2026-06-20_06-38-33_083333.ts,,,,,,,,,,,,,,,,,,,,False,,
236,2026-06-20 07:41:56.166666667,2026-06-20 07:42:09.416666667,2,cortexvpu-01a-005-41884872_2026-06-20_06-41-56_133333.ts,cortexvpu-01a-005-41884872_2026-06-20_06-42-05_133333.ts,,,,,,,,,,,,,,,,,,,,False,,
237,2026-06-20 07:43:36.166666667,2026-06-20 07:43:41.416666667,1,cortexvpu-01a-005-41884872_2026-06-20_06-43-36_133333.ts,cortexvpu-01a-005-41884872_2026-06-20_06-43-36_133333.ts,,,,,,,,,,,,,,,,,,,,False,,
238,2026-06-20 07:45:47.166666667,2026-06-20 07:45:49.583333333,1,cortexvpu-01a-005-41884872_2026-06-20_06-45-46_133333.ts,cortexvpu-01a-005-41884872_2026-06-20_06-45-46_133333.ts,,,,,,,,,,,,,,,,,,,,False,,
239,2026-06-20 07:47:22.166666667,2026-06-20 07:47:24.083333333,1,cortexvpu-01a-005-41884872_2026-06-20_06-47-22_133333.ts,cortexvpu-01a-005-41884872_2026-06-20_06-47-22_133333.ts,,,,,,,,,,,,,,,,,,,,False,,
240,2026-06-20 07:49:42.166666667,2026-06-20 07:49:45.916666667,1,cortexvpu-01a-005-41884872_2026-06-20_06-49-42_133333.ts,cortexvpu-01a-005-41884872_2026-06-20_06-49-42_133333.ts,,,,,,,,,,,,,,,,,,,,False,,
241,2026-06-20 07:49:52.166666667,2026-06-20 07:49:58.916666667,1,cortexvpu-01a-005-41884872_2026-06-20_06-49-51_133333.ts,cortexvpu-01a-005-41884872_2026-06-20_06-49-51_133333.ts,,,,,,,,,,,,,,,,,,,,False,,
242,2026-06-20 07:49:59.166666667,2026-06-20 07:50:07.916666667,1,cortexvpu-01a-005-41884872_2026-06-20_06-49-59_133333.ts,cortexvpu-01a-005-41884872_2026-06-20_06-49-59_133333.ts,,,,,,,,,,,,,,,,,,,,False,,
243,2026-06-20 07:50:18.250000000,2026-06-20 07:50:23.000000000,1,cortexvpu-01a-005-41884872_2026-06-20_06-50-17_133333.ts,cortexvpu-01a-005-41884872_2026-06-20_06-50-17_133333.ts,,,,,,,,,,,,,,,,,,,,False,,
244,2026-06-20 07:50:30.166666667,2026-06-20 07:50:31.250000000,1,cortexvpu-01a-005-41884872_2026-06-20_06-50-29_133333.ts,cortexvpu-01a-005-41884872_2026-06-20_06-50-29_133333.ts,,,,,,,,,,,,,,,,,,,,False,,
245,2026-06-20 07:50:34.166666667,2026-06-20 07:50:38.416666667,1,cortexvpu-01a-005-41884872_2026-06-20_06-50-34_133333.ts,cortexvpu-01a-005-41884872_2026-06-20_06-50-34_133333.ts,,,,,,,,,,,,,,,,,,,,False,,
246,2026-06-20 07:50:38.750000000,2026-06-20 07:50:50.166666667,1,cortexvpu-01a-005-41884872_2026-06-20_06-50-38_133333.ts,cortexvpu-01a-005-41884872_2026-06-20_06-50-38_133333.ts,,,,,,,,,,,,,,,,,,,,False,,
247,2026-06-20 07:50:56.166666667,2026-06-20 07:51:09.000000000,1,cortexvpu-01a-005-41884872_2026-06-20_06-50-56_133333.ts,cortexvpu-01a-005-41884872_2026-06-20_06-50-56_133333.ts,,,,,,,,,,,,,,,,,,,,False,,
248,2026-06-20 07:51:13.166666667,2026-06-20 07:51:22.000000000,1,cortexvpu-01a-005-41884872_2026-06-20_06-51-13_133333.ts,cortexvpu-01a-005-41884872_2026-06-20_06-51-13_133333.ts,,,,,,,,,,,,,,,,,,,,False,,
249,2026-06-20 07:51:36.166666667,2026-06-20 07:51:46.000000000,1,cortexvpu-01a-005-41884872_2026-06-20_06-51-36_133333.ts,cortexvpu-01a-005-41884872_2026-06-20_06-51-36_133333.ts,,,,,,,,,,,,,,,,,,,,False,,
250,2026-06-20 07:51:57.166666667,2026-06-20 07:52:04.166666667,2,cortexvpu-01a-005-41884872_2026-06-20_06-51-57_133333.ts,cortexvpu-01a-005-41884872_2026-06-20_06-51-54_133333.ts,,,,,,,,,,,,,,,,,,,,False,,
251,2026-06-20 07:52:19.166666667,2026-06-20 07:52:22.416666667,1,cortexvpu-01a-005-41884872_2026-06-20_06-52-19_133333.ts,cortexvpu-01a-005-41884872_2026-06-20_06-52-19_133333.ts,,,,,,,,,,,,,,,,,,,,False,,
252,2026-06-20 07:52:25.666666667,2026-06-20 07:52:28.416666667,1,cortexvpu-01a-005-41884872_2026-06-20_06-52-25_133333.ts,cortexvpu-01a-005-41884872_2026-06-20_06-52-25_133333.ts,,,,,,,,,,,,,,,,,,,,False,,
253,2026-06-20 07:52:33.166666667,2026-06-20 07:52:36.000000000,1,cortexvpu-01a-005-41884872_2026-06-20_06-52-32_133333.ts,cortexvpu-01a-005-41884872_2026-06-20_06-52-32_133333.ts,,,,,,,,,,,,,,,,,,,,False,,
254,2026-06-20 07:52:43.166666667,2026-06-20 07:52:45.000000000,1,cortexvpu-01a-005-41884872_2026-06-20_06-52-43_133333.ts,cortexvpu-01a-005-41884872_2026-06-20_06-52-43_133333.ts,,,,,,,,,,,,,,,,,,,,False,,
255,2026-06-20 07:54:36.166666667,2026-06-20 07:54:53.583333333,1,cortexvpu-01a-005-41884872_2026-06-20_06-54-36_748456.ts,cortexvpu-01a-005-41884872_2026-06-20_06-54-36_748456.ts,,,,,,,,,,,,,,,,,,,,False,,
256,2026-06-20 07:56:32.166666667,2026-06-20 07:56:37.833333333,1,cortexvpu-01a-005-41884872_2026-06-20_06-56-32_584397.ts,cortexvpu-01a-005-41884872_2026-06-20_06-56-32_584397.ts,,,,,,,,,,,,,,,,,,,,False,,
257,2026-06-20 08:05:57.833333333,2026-06-20 08:06:07.750000000,1,cortexvpu-01a-005-41884872_2026-06-20_07-05-38_033333.ts,cortexvpu-01a-005-41884872_2026-06-20_07-05-38_033333.ts,,,,,,,,,,,,,,,,,,,,False,,
