filename,source,processed_at
cortexvpu-01a-005-41884872_2026-06-20_08-00-41_769487.ts,s3://diageo-prod-global-dashcam-mc-nuc-video/cortexvpu-01a-005-41884872/cortexvpu-01a-005-41884872_2026-06-20_08-00-41_769487.ts,2026-07-02T19:33:53.693815
cortexvpu-01a-005-41884872_2026-06-20_08-02-37_756125.ts,s3://diageo-prod-global-dashcam-mc-nuc-video/cortexvpu-01a-005-41884872/cortexvpu-01a-005-41884872_2026-06-20_08-02-37_756125.ts,2026-07-02T19:34:08.815896
cortexvpu-01a-005-41884872_2026-06-20_08-04-33_804823.ts,s3://diageo-prod-global-dashcam-mc-nuc-video/cortexvpu-01a-005-41884872/cortexvpu-01a-005-41884872_2026-06-20_08-04-33_804823.ts,2026-07-02T19:34:30.780889
cortexvpu-01a-005-41884872_2026-06-20_08-06-29_740230.ts,s3://diageo-prod-global-dashcam-mc-nuc-video/cortexvpu-01a-005-41884872/cortexvpu-01a-005-41884872_2026-06-20_08-06-29_740230.ts,2026-07-02T20:01:47.917649
cortexvpu-01a-005-41884872_2026-06-20_08-08-25_734668.ts,s3://diageo-prod-global-dashcam-mc-nuc-video/cortexvpu-01a-005-41884872/cortexvpu-01a-005-41884872_2026-06-20_08-08-25_734668.ts,2026-07-02T20:02:02.930672
cortexvpu-01a-005-41884872_2026-06-20_08-10-21_837498.ts,s3://diageo-prod-global-dashcam-mc-nuc-video/cortexvpu-01a-005-41884872/cortexvpu-01a-005-41884872_2026-06-20_08-10-21_837498.ts,2026-07-02T20:02:24.204950
cortexvpu-01a-005-41884872_2026-06-19_15-01-49_004271.ts,s3://diageo-prod-global-dashcam-mc-nuc-video/cortexvpu-01a-005-41884872/cortexvpu-01a-005-41884872_2026-06-19_15-01-49_004271.ts,2026-07-02T20:07:35.266515
cortexvpu-01a-005-41884872_2026-06-19_15-03-04_400000.ts,s3://diageo-prod-global-dashcam-mc-nuc-video/cortexvpu-01a-005-41884872/cortexvpu-01a-005-41884872_2026-06-19_15-03-04_400000.ts,2026-07-02T20:07:51.675028
cortexvpu-01a-005-41884872_2026-06-19_15-04-58_021450.ts,s3://diageo-prod-global-dashcam-mc-nuc-video/cortexvpu-01a-005-41884872/cortexvpu-01a-005-41884872_2026-06-19_15-04-58_021450.ts,2026-07-02T20:08:18.545638
cortexvpu-01a-005-41884872_2026-06-19_15-06-54_055726.ts,s3://diageo-prod-global-dashcam-mc-nuc-video/cortexvpu-01a-005-41884872/cortexvpu-01a-005-41884872_2026-06-19_15-06-54_055726.ts,2026-07-02T20:08:34.538255
cortexvpu-01a-005-41884872_2026-06-19_15-08-50_015167.ts,s3://diageo-prod-global-dashcam-mc-nuc-video/cortexvpu-01a-005-41884872/cortexvpu-01a-005-41884872_2026-06-19_15-08-50_015167.ts,2026-07-02T20:09:00.971184
cortexvpu-01a-005-41884872_2026-06-19_15-10-46_070918.ts,s3://diageo-prod-global-dashcam-mc-nuc-video/cortexvpu-01a-005-41884872/cortexvpu-01a-005-41884872_2026-06-19_15-10-46_070918.ts,2026-07-02T20:09:16.738192
cortexvpu-01a-005-41884872_2026-06-19_15-12-41_987241.ts,s3://diageo-prod-global-dashcam-mc-nuc-video/cortexvpu-01a-005-41884872/cortexvpu-01a-005-41884872_2026-06-19_15-12-41_987241.ts,2026-07-02T20:09:44.065935
cortexvpu-01a-005-41884872_2026-06-19_15-14-38_088252.ts,s3://diageo-prod-global-dashcam-mc-nuc-video/cortexvpu-01a-005-41884872/cortexvpu-01a-005-41884872_2026-06-19_15-14-38_088252.ts,2026-07-02T20:10:00.433905
cortexvpu-01a-005-41884872_2026-06-19_15-16-34_006640.ts,s3://diageo-prod-global-dashcam-mc-nuc-video/cortexvpu-01a-005-41884872/cortexvpu-01a-005-41884872_2026-06-19_15-16-34_006640.ts,2026-07-02T20:10:30.411027
cortexvpu-01a-005-41884872_2026-06-19_15-18-30_055714.ts,s3://diageo-prod-global-dashcam-mc-nuc-video/cortexvpu-01a-005-41884872/cortexvpu-01a-005-41884872_2026-06-19_15-18-30_055714.ts,2026-07-02T20:10:53.407194
cortexvpu-01a-005-41884872_2026-06-19_15-20-26_042709.ts,s3://diageo-prod-global-dashcam-mc-nuc-video/cortexvpu-01a-005-41884872/cortexvpu-01a-005-41884872_2026-06-19_15-20-26_042709.ts,2026-07-02T20:11:01.241951
cortexvpu-01a-005-41884872_2026-06-19_15-20-27_433333.ts,s3://diageo-prod-global-dashcam-mc-nuc-video/cortexvpu-01a-005-41884872/cortexvpu-01a-005-41884872_2026-06-19_15-20-27_433333.ts,2026-07-02T20:11:20.266308
cortexvpu-01a-005-41884872_2026-06-19_15-20-58_433333.ts,s3://diageo-prod-global-dashcam-mc-nuc-video/cortexvpu-01a-005-41884872/cortexvpu-01a-005-41884872_2026-06-19_15-20-58_433333.ts,2026-07-02T20:11:34.997884
cortexvpu-01a-005-41884872_2026-06-19_15-21-03_433333.ts,s3://diageo-prod-global-dashcam-mc-nuc-video/cortexvpu-01a-005-41884872/cortexvpu-01a-005-41884872_2026-06-19_15-21-03_433333.ts,2026-07-02T20:11:52.465672
cortexvpu-01a-005-41884872_2026-06-19_15-22-57_017063.ts,s3://diageo-prod-global-dashcam-mc-nuc-video/cortexvpu-01a-005-41884872/cortexvpu-01a-005-41884872_2026-06-19_15-22-57_017063.ts,2026-07-02T20:12:21.479172
cortexvpu-01a-005-41884872_2026-06-19_15-24-45_933333.ts,s3://diageo-prod-global-dashcam-mc-nuc-video/cortexvpu-01a-005-41884872/cortexvpu-01a-005-41884872_2026-06-19_15-24-45_933333.ts,2026-07-02T20:12:41.803196
cortexvpu-01a-005-41884872_2026-06-19_15-26-28_433333.ts,s3://diageo-prod-global-dashcam-mc-nuc-video/cortexvpu-01a-005-41884872/cortexvpu-01a-005-41884872_2026-06-19_15-26-28_433333.ts,2026-07-02T20:13:08.954765
cortexvpu-01a-005-41884872_2026-06-19_15-28-03_933333.ts,s3://diageo-prod-global-dashcam-mc-nuc-video/cortexvpu-01a-005-41884872/cortexvpu-01a-005-41884872_2026-06-19_15-28-03_933333.ts,2026-07-02T20:13:27.105258
cortexvpu-01a-005-41884872_2026-06-19_15-29-29_450000.ts,s3://diageo-prod-global-dashcam-mc-nuc-video/cortexvpu-01a-005-41884872/cortexvpu-01a-005-41884872_2026-06-19_15-29-29_450000.ts,2026-07-02T20:13:59.761926
cortexvpu-01a-005-41884872_2026-06-19_15-31-23_588934.ts,s3://diageo-prod-global-dashcam-mc-nuc-video/cortexvpu-01a-005-41884872/cortexvpu-01a-005-41884872_2026-06-19_15-31-23_588934.ts,2026-07-02T20:14:16.529714
cortexvpu-01a-005-41884872_2026-06-19_15-33-19_090601.ts,s3://diageo-prod-global-dashcam-mc-nuc-video/cortexvpu-01a-005-41884872/cortexvpu-01a-005-41884872_2026-06-19_15-33-19_090601.ts,2026-07-02T20:14:44.669078
cortexvpu-01a-005-41884872_2026-06-19_15-35-00_933333.ts,s3://diageo-prod-global-dashcam-mc-nuc-video/cortexvpu-01a-005-41884872/cortexvpu-01a-005-41884872_2026-06-19_15-35-00_933333.ts,2026-07-02T20:15:05.950549
cortexvpu-01a-005-41884872_2026-06-19_15-36-54_054821.ts,s3://diageo-prod-global-dashcam-mc-nuc-video/cortexvpu-01a-005-41884872/cortexvpu-01a-005-41884872_2026-06-19_15-36-54_054821.ts,2026-07-02T20:15:31.891506
cortexvpu-01a-005-41884872_2026-06-19_15-37-43_933333.ts,s3://diageo-prod-global-dashcam-mc-nuc-video/cortexvpu-01a-005-41884872/cortexvpu-01a-005-41884872_2026-06-19_15-37-43_933333.ts,2026-07-02T20:15:48.399989
cortexvpu-01a-005-41884872_2026-06-19_15-39-37_091643.ts,s3://diageo-prod-global-dashcam-mc-nuc-video/cortexvpu-01a-005-41884872/cortexvpu-01a-005-41884872_2026-06-19_15-39-37_091643.ts,2026-07-02T20:15:59.528873
cortexvpu-01a-005-41884872_2026-06-19_15-39-41_466667.ts,s3://diageo-prod-global-dashcam-mc-nuc-video/cortexvpu-01a-005-41884872/cortexvpu-01a-005-41884872_2026-06-19_15-39-41_466667.ts,2026-07-02T20:16:04.274057
cortexvpu-01a-005-41884872_2026-06-19_15-39-47_466667.ts,s3://diageo-prod-global-dashcam-mc-nuc-video/cortexvpu-01a-005-41884872/cortexvpu-01a-005-41884872_2026-06-19_15-39-47_466667.ts,2026-07-02T20:16:29.429520
cortexvpu-01a-005-41884872_2026-06-19_15-40-44_000000.ts,s3://diageo-prod-global-dashcam-mc-nuc-video/cortexvpu-01a-005-41884872/cortexvpu-01a-005-41884872_2026-06-19_15-40-44_000000.ts,2026-07-02T20:16:36.474750
cortexvpu-01a-005-41884872_2026-06-19_15-40-54_933333.ts,s3://diageo-prod-global-dashcam-mc-nuc-video/cortexvpu-01a-005-41884872/cortexvpu-01a-005-41884872_2026-06-19_15-40-54_933333.ts,2026-07-02T20:17:03.193577
cortexvpu-01a-005-41884872_2026-06-19_15-42-08_000000.ts,s3://diageo-prod-global-dashcam-mc-nuc-video/cortexvpu-01a-005-41884872/cortexvpu-01a-005-41884872_2026-06-19_15-42-08_000000.ts,2026-07-02T20:17:20.403699
cortexvpu-01a-005-41884872_2026-06-19_15-42-37_933333.ts,s3://diageo-prod-global-dashcam-mc-nuc-video/cortexvpu-01a-005-41884872/cortexvpu-01a-005-41884872_2026-06-19_15-42-37_933333.ts,2026-07-02T20:17:32.820153
cortexvpu-01a-005-41884872_2026-06-19_15-42-43_466667.ts,s3://diageo-prod-global-dashcam-mc-nuc-video/cortexvpu-01a-005-41884872/cortexvpu-01a-005-41884872_2026-06-19_15-42-43_466667.ts,2026-07-02T20:17:49.730103
cortexvpu-01a-005-41884872_2026-06-19_15-44-20_000000.ts,s3://diageo-prod-global-dashcam-mc-nuc-video/cortexvpu-01a-005-41884872/cortexvpu-01a-005-41884872_2026-06-19_15-44-20_000000.ts,2026-07-02T20:18:10.260531
cortexvpu-01a-005-41884872_2026-06-19_15-44-47_466667.ts,s3://diageo-prod-global-dashcam-mc-nuc-video/cortexvpu-01a-005-41884872/cortexvpu-01a-005-41884872_2026-06-19_15-44-47_466667.ts,2026-07-02T20:18:19.858770
cortexvpu-01a-005-41884872_2026-06-19_15-45-02_933333.ts,s3://diageo-prod-global-dashcam-mc-nuc-video/cortexvpu-01a-005-41884872/cortexvpu-01a-005-41884872_2026-06-19_15-45-02_933333.ts,2026-07-02T20:18:49.456205
cortexvpu-01a-005-41884872_2026-06-19_15-46-56_059667.ts,s3://diageo-prod-global-dashcam-mc-nuc-video/cortexvpu-01a-005-41884872/cortexvpu-01a-005-41884872_2026-06-19_15-46-56_059667.ts,2026-07-02T20:19:06.988964
cortexvpu-01a-005-41884872_2026-06-19_15-48-35_000000.ts,s3://diageo-prod-global-dashcam-mc-nuc-video/cortexvpu-01a-005-41884872/cortexvpu-01a-005-41884872_2026-06-19_15-48-35_000000.ts,2026-07-02T20:19:43.406079
cortexvpu-01a-005-41884872_2026-06-19_15-50-28_089083.ts,s3://diageo-prod-global-dashcam-mc-nuc-video/cortexvpu-01a-005-41884872/cortexvpu-01a-005-41884872_2026-06-19_15-50-28_089083.ts,2026-07-02T20:19:59.357409
cortexvpu-01a-005-41884872_2026-06-19_15-52-24_067810.ts,s3://diageo-prod-global-dashcam-mc-nuc-video/cortexvpu-01a-005-41884872/cortexvpu-01a-005-41884872_2026-06-19_15-52-24_067810.ts,2026-07-02T20:20:27.493177
cortexvpu-01a-005-41884872_2026-06-19_15-54-20_060566.ts,s3://diageo-prod-global-dashcam-mc-nuc-video/cortexvpu-01a-005-41884872/cortexvpu-01a-005-41884872_2026-06-19_15-54-20_060566.ts,2026-07-02T20:20:52.936415
cortexvpu-01a-005-41884872_2026-06-19_15-56-16_087857.ts,s3://diageo-prod-global-dashcam-mc-nuc-video/cortexvpu-01a-005-41884872/cortexvpu-01a-005-41884872_2026-06-19_15-56-16_087857.ts,2026-07-02T20:21:21.147286
cortexvpu-01a-005-41884872_2026-06-19_15-58-12_108528.ts,s3://diageo-prod-global-dashcam-mc-nuc-video/cortexvpu-01a-005-41884872/cortexvpu-01a-005-41884872_2026-06-19_15-58-12_108528.ts,2026-07-02T20:21:38.447419
cortexvpu-01a-005-41884872_2026-06-19_16-00-08_101391.ts,s3://diageo-prod-global-dashcam-mc-nuc-video/cortexvpu-01a-005-41884872/cortexvpu-01a-005-41884872_2026-06-19_16-00-08_101391.ts,2026-07-02T20:22:05.517271
cortexvpu-01a-005-41884872_2026-06-19_16-01-27_500000.ts,s3://diageo-prod-global-dashcam-mc-nuc-video/cortexvpu-01a-005-41884872/cortexvpu-01a-005-41884872_2026-06-19_16-01-27_500000.ts,2026-07-02T20:22:22.489314
cortexvpu-01a-005-41884872_2026-06-19_16-02-02_500000.ts,s3://diageo-prod-global-dashcam-mc-nuc-video/cortexvpu-01a-005-41884872/cortexvpu-01a-005-41884872_2026-06-19_16-02-02_500000.ts,2026-07-02T20:22:44.729442
cortexvpu-01a-005-41884872_2026-06-19_16-02-55_933333.ts,s3://diageo-prod-global-dashcam-mc-nuc-video/cortexvpu-01a-005-41884872/cortexvpu-01a-005-41884872_2026-06-19_16-02-55_933333.ts,2026-07-02T20:22:49.894500
cortexvpu-01a-005-41884872_2026-06-19_16-03-02_933333.ts,s3://diageo-prod-global-dashcam-mc-nuc-video/cortexvpu-01a-005-41884872/cortexvpu-01a-005-41884872_2026-06-19_16-03-02_933333.ts,2026-07-02T20:23:16.047604
cortexvpu-01a-005-41884872_2026-06-19_16-04-56_133051.ts,s3://diageo-prod-global-dashcam-mc-nuc-video/cortexvpu-01a-005-41884872/cortexvpu-01a-005-41884872_2026-06-19_16-04-56_133051.ts,2026-07-02T20:23:24.779627
cortexvpu-01a-005-41884872_2026-06-19_16-05-02_500000.ts,s3://diageo-prod-global-dashcam-mc-nuc-video/cortexvpu-01a-005-41884872/cortexvpu-01a-005-41884872_2026-06-19_16-05-02_500000.ts,2026-07-02T20:23:56.260722
cortexvpu-01a-005-41884872_2026-06-19_16-06-56_093845.ts,s3://diageo-prod-global-dashcam-mc-nuc-video/cortexvpu-01a-005-41884872/cortexvpu-01a-005-41884872_2026-06-19_16-06-56_093845.ts,2026-07-02T20:24:13.301158
cortexvpu-01a-005-41884872_2026-06-19_16-08-52_138799.ts,s3://diageo-prod-global-dashcam-mc-nuc-video/cortexvpu-01a-005-41884872/cortexvpu-01a-005-41884872_2026-06-19_16-08-52_138799.ts,2026-07-02T20:24:40.960312
cortexvpu-01a-005-41884872_2026-06-19_16-10-48_132357.ts,s3://diageo-prod-global-dashcam-mc-nuc-video/cortexvpu-01a-005-41884872/cortexvpu-01a-005-41884872_2026-06-19_16-10-48_132357.ts,2026-07-02T20:24:59.127643
cortexvpu-01a-005-41884872_2026-06-19_16-12-44_115306.ts,s3://diageo-prod-global-dashcam-mc-nuc-video/cortexvpu-01a-005-41884872/cortexvpu-01a-005-41884872_2026-06-19_16-12-44_115306.ts,2026-07-02T20:25:27.646464
cortexvpu-01a-005-41884872_2026-06-19_16-13-35_933333.ts,s3://diageo-prod-global-dashcam-mc-nuc-video/cortexvpu-01a-005-41884872/cortexvpu-01a-005-41884872_2026-06-19_16-13-35_933333.ts,2026-07-02T20:25:42.838603
cortexvpu-01a-005-41884872_2026-06-19_16-15-30_708144.ts,s3://diageo-prod-global-dashcam-mc-nuc-video/cortexvpu-01a-005-41884872/cortexvpu-01a-005-41884872_2026-06-19_16-15-30_708144.ts,2026-07-02T20:26:08.551490
cortexvpu-01a-005-41884872_2026-06-19_16-17-26_137634.ts,s3://diageo-prod-global-dashcam-mc-nuc-video/cortexvpu-01a-005-41884872/cortexvpu-01a-005-41884872_2026-06-19_16-17-26_137634.ts,2026-07-02T20:26:23.519991
cortexvpu-01a-005-41884872_2026-06-19_16-19-22_138442.ts,s3://diageo-prod-global-dashcam-mc-nuc-video/cortexvpu-01a-005-41884872/cortexvpu-01a-005-41884872_2026-06-19_16-19-22_138442.ts,2026-07-02T20:26:49.532144
cortexvpu-01a-005-41884872_2026-06-19_16-21-18_126241.ts,s3://diageo-prod-global-dashcam-mc-nuc-video/cortexvpu-01a-005-41884872/cortexvpu-01a-005-41884872_2026-06-19_16-21-18_126241.ts,2026-07-02T20:27:12.321145
cortexvpu-01a-005-41884872_2026-06-19_16-23-14_165169.ts,s3://diageo-prod-global-dashcam-mc-nuc-video/cortexvpu-01a-005-41884872/cortexvpu-01a-005-41884872_2026-06-19_16-23-14_165169.ts,2026-07-02T20:27:37.879541
cortexvpu-01a-005-41884872_2026-06-19_16-25-10_118811.ts,s3://diageo-prod-global-dashcam-mc-nuc-video/cortexvpu-01a-005-41884872/cortexvpu-01a-005-41884872_2026-06-19_16-25-10_118811.ts,2026-07-02T20:27:53.199822
cortexvpu-01a-005-41884872_2026-06-19_16-26-30_516667.ts,s3://diageo-prod-global-dashcam-mc-nuc-video/cortexvpu-01a-005-41884872/cortexvpu-01a-005-41884872_2026-06-19_16-26-30_516667.ts,2026-07-02T20:28:19.048831
cortexvpu-01a-005-41884872_2026-06-19_16-28-06_933333.ts,s3://diageo-prod-global-dashcam-mc-nuc-video/cortexvpu-01a-005-41884872/cortexvpu-01a-005-41884872_2026-06-19_16-28-06_933333.ts,2026-07-02T20:28:33.996469
cortexvpu-01a-005-41884872_2026-06-19_16-30-00_848926.ts,s3://diageo-prod-global-dashcam-mc-nuc-video/cortexvpu-01a-005-41884872/cortexvpu-01a-005-41884872_2026-06-19_16-30-00_848926.ts,2026-07-02T20:28:49.097276
cortexvpu-01a-005-41884872_2026-06-19_16-30-19_533333.ts,s3://diageo-prod-global-dashcam-mc-nuc-video/cortexvpu-01a-005-41884872/cortexvpu-01a-005-41884872_2026-06-19_16-30-19_533333.ts,2026-07-02T20:28:58.895896
cortexvpu-01a-005-41884872_2026-06-19_16-30-38_933333.ts,s3://diageo-prod-global-dashcam-mc-nuc-video/cortexvpu-01a-005-41884872/cortexvpu-01a-005-41884872_2026-06-19_16-30-38_933333.ts,2026-07-02T20:29:11.089239
cortexvpu-01a-005-41884872_2026-06-19_16-30-47_933333.ts,s3://diageo-prod-global-dashcam-mc-nuc-video/cortexvpu-01a-005-41884872/cortexvpu-01a-005-41884872_2026-06-19_16-30-47_933333.ts,2026-07-02T20:29:23.727545
cortexvpu-01a-005-41884872_2026-06-19_16-31-14_933333.ts,s3://diageo-prod-global-dashcam-mc-nuc-video/cortexvpu-01a-005-41884872/cortexvpu-01a-005-41884872_2026-06-19_16-31-14_933333.ts,2026-07-02T20:29:43.753144
cortexvpu-01a-005-41884872_2026-06-19_16-31-38_533333.ts,s3://diageo-prod-global-dashcam-mc-nuc-video/cortexvpu-01a-005-41884872/cortexvpu-01a-005-41884872_2026-06-19_16-31-38_533333.ts,2026-07-02T20:29:59.218848
cortexvpu-01a-005-41884872_2026-06-19_16-32-18_000000.ts,s3://diageo-prod-global-dashcam-mc-nuc-video/cortexvpu-01a-005-41884872/cortexvpu-01a-005-41884872_2026-06-19_16-32-18_000000.ts,2026-07-02T20:30:13.331107
cortexvpu-01a-005-41884872_2026-06-19_16-32-38_533333.ts,s3://diageo-prod-global-dashcam-mc-nuc-video/cortexvpu-01a-005-41884872/cortexvpu-01a-005-41884872_2026-06-19_16-32-38_533333.ts,2026-07-02T20:30:17.072257
cortexvpu-01a-005-41884872_2026-06-19_16-32-45_533333.ts,s3://diageo-prod-global-dashcam-mc-nuc-video/cortexvpu-01a-005-41884872/cortexvpu-01a-005-41884872_2026-06-19_16-32-45_533333.ts,2026-07-02T20:30:28.694280
cortexvpu-01a-005-41884872_2026-06-19_16-32-56_533333.ts,s3://diageo-prod-global-dashcam-mc-nuc-video/cortexvpu-01a-005-41884872/cortexvpu-01a-005-41884872_2026-06-19_16-32-56_533333.ts,2026-07-02T20:30:37.512908
cortexvpu-01a-005-41884872_2026-06-19_16-33-14_000000.ts,s3://diageo-prod-global-dashcam-mc-nuc-video/cortexvpu-01a-005-41884872/cortexvpu-01a-005-41884872_2026-06-19_16-33-14_000000.ts,2026-07-02T20:31:03.701285
cortexvpu-01a-005-41884872_2026-06-19_16-35-07_110135.ts,s3://diageo-prod-global-dashcam-mc-nuc-video/cortexvpu-01a-005-41884872/cortexvpu-01a-005-41884872_2026-06-19_16-35-07_110135.ts,2026-07-02T20:31:18.158312
cortexvpu-01a-005-41884872_2026-06-19_16-36-52_533333.ts,s3://diageo-prod-global-dashcam-mc-nuc-video/cortexvpu-01a-005-41884872/cortexvpu-01a-005-41884872_2026-06-19_16-36-52_533333.ts,2026-07-02T20:31:27.270412
cortexvpu-01a-005-41884872_2026-06-19_16-37-00_533333.ts,s3://diageo-prod-global-dashcam-mc-nuc-video/cortexvpu-01a-005-41884872/cortexvpu-01a-005-41884872_2026-06-19_16-37-00_533333.ts,2026-07-02T20:31:37.575112
cortexvpu-01a-005-41884872_2026-06-19_16-37-21_933333.ts,s3://diageo-prod-global-dashcam-mc-nuc-video/cortexvpu-01a-005-41884872/cortexvpu-01a-005-41884872_2026-06-19_16-37-21_933333.ts,2026-07-02T20:31:58.311656
cortexvpu-01a-005-41884872_2026-06-19_16-37-51_533333.ts,s3://diageo-prod-global-dashcam-mc-nuc-video/cortexvpu-01a-005-41884872/cortexvpu-01a-005-41884872_2026-06-19_16-37-51_533333.ts,2026-07-02T20:32:03.767254
cortexvpu-01a-005-41884872_2026-06-19_16-38-00_533333.ts,s3://diageo-prod-global-dashcam-mc-nuc-video/cortexvpu-01a-005-41884872/cortexvpu-01a-005-41884872_2026-06-19_16-38-00_533333.ts,2026-07-02T20:32:18.491738
cortexvpu-01a-005-41884872_2026-06-19_16-38-21_000000.ts,s3://diageo-prod-global-dashcam-mc-nuc-video/cortexvpu-01a-005-41884872/cortexvpu-01a-005-41884872_2026-06-19_16-38-21_000000.ts,2026-07-02T20:32:25.984063
cortexvpu-01a-005-41884872_2026-06-19_16-38-25_000000.ts,s3://diageo-prod-global-dashcam-mc-nuc-video/cortexvpu-01a-005-41884872/cortexvpu-01a-005-41884872_2026-06-19_16-38-25_000000.ts,2026-07-02T20:32:50.595205
cortexvpu-01a-005-41884872_2026-06-19_16-39-33_533333.ts,s3://diageo-prod-global-dashcam-mc-nuc-video/cortexvpu-01a-005-41884872/cortexvpu-01a-005-41884872_2026-06-19_16-39-33_533333.ts,2026-07-02T20:33:06.523375
cortexvpu-01a-005-41884872_2026-06-19_16-41-27_204708.ts,s3://diageo-prod-global-dashcam-mc-nuc-video/cortexvpu-01a-005-41884872/cortexvpu-01a-005-41884872_2026-06-19_16-41-27_204708.ts,2026-07-02T20:33:32.322408
cortexvpu-01a-005-41884872_2026-06-19_16-43-23_228248.ts,s3://diageo-prod-global-dashcam-mc-nuc-video/cortexvpu-01a-005-41884872/cortexvpu-01a-005-41884872_2026-06-19_16-43-23_228248.ts,2026-07-02T20:33:46.787182
cortexvpu-01a-005-41884872_2026-06-19_16-45-19_129732.ts,s3://diageo-prod-global-dashcam-mc-nuc-video/cortexvpu-01a-005-41884872/cortexvpu-01a-005-41884872_2026-06-19_16-45-19_129732.ts,2026-07-02T20:34:12.952578
cortexvpu-01a-005-41884872_2026-06-19_16-47-15_190690.ts,s3://diageo-prod-global-dashcam-mc-nuc-video/cortexvpu-01a-005-41884872/cortexvpu-01a-005-41884872_2026-06-19_16-47-15_190690.ts,2026-07-02T20:34:33.287905
cortexvpu-01a-005-41884872_2026-06-19_16-49-11_110740.ts,s3://diageo-prod-global-dashcam-mc-nuc-video/cortexvpu-01a-005-41884872/cortexvpu-01a-005-41884872_2026-06-19_16-49-11_110740.ts,2026-07-02T20:34:58.452385
cortexvpu-01a-005-41884872_2026-06-19_16-50-15_933333.ts,s3://diageo-prod-global-dashcam-mc-nuc-video/cortexvpu-01a-005-41884872/cortexvpu-01a-005-41884872_2026-06-19_16-50-15_933333.ts,2026-07-02T20:35:13.109574
cortexvpu-01a-005-41884872_2026-06-19_16-52-09_121093.ts,s3://diageo-prod-global-dashcam-mc-nuc-video/cortexvpu-01a-005-41884872/cortexvpu-01a-005-41884872_2026-06-19_16-52-09_121093.ts,2026-07-02T20:35:40.768332
cortexvpu-01a-005-41884872_2026-06-19_16-54-05_219681.ts,s3://diageo-prod-global-dashcam-mc-nuc-video/cortexvpu-01a-005-41884872/cortexvpu-01a-005-41884872_2026-06-19_16-54-05_219681.ts,2026-07-02T20:35:55.538034
cortexvpu-01a-005-41884872_2026-06-19_16-56-01_171425.ts,s3://diageo-prod-global-dashcam-mc-nuc-video/cortexvpu-01a-005-41884872/cortexvpu-01a-005-41884872_2026-06-19_16-56-01_171425.ts,2026-07-02T20:36:20.091356
cortexvpu-01a-005-41884872_2026-06-19_16-57-57_221328.ts,s3://diageo-prod-global-dashcam-mc-nuc-video/cortexvpu-01a-005-41884872/cortexvpu-01a-005-41884872_2026-06-19_16-57-57_221328.ts,2026-07-02T20:36:34.814731
cortexvpu-01a-005-41884872_2026-06-19_16-59-53_198551.ts,s3://diageo-prod-global-dashcam-mc-nuc-video/cortexvpu-01a-005-41884872/cortexvpu-01a-005-41884872_2026-06-19_16-59-53_198551.ts,2026-07-02T20:37:00.677121
cortexvpu-01a-005-41884872_2026-06-19_17-01-49_258663.ts,s3://diageo-prod-global-dashcam-mc-nuc-video/cortexvpu-01a-005-41884872/cortexvpu-01a-005-41884872_2026-06-19_17-01-49_258663.ts,2026-07-02T20:37:15.528446
cortexvpu-01a-005-41884872_2026-06-19_17-03-45_222510.ts,s3://diageo-prod-global-dashcam-mc-nuc-video/cortexvpu-01a-005-41884872/cortexvpu-01a-005-41884872_2026-06-19_17-03-45_222510.ts,2026-07-02T20:37:40.018726
cortexvpu-01a-005-41884872_2026-06-19_17-05-41_222190.ts,s3://diageo-prod-global-dashcam-mc-nuc-video/cortexvpu-01a-005-41884872/cortexvpu-01a-005-41884872_2026-06-19_17-05-41_222190.ts,2026-07-02T20:37:55.362634
cortexvpu-01a-005-41884872_2026-06-19_17-07-37_254742.ts,s3://diageo-prod-global-dashcam-mc-nuc-video/cortexvpu-01a-005-41884872/cortexvpu-01a-005-41884872_2026-06-19_17-07-37_254742.ts,2026-07-02T20:38:20.807990
cortexvpu-01a-005-41884872_2026-06-19_17-09-33_266625.ts,s3://diageo-prod-global-dashcam-mc-nuc-video/cortexvpu-01a-005-41884872/cortexvpu-01a-005-41884872_2026-06-19_17-09-33_266625.ts,2026-07-02T20:38:43.386183
cortexvpu-01a-005-41884872_2026-06-19_17-11-29_290251.ts,s3://diageo-prod-global-dashcam-mc-nuc-video/cortexvpu-01a-005-41884872/cortexvpu-01a-005-41884872_2026-06-19_17-11-29_290251.ts,2026-07-02T20:38:56.671306
cortexvpu-01a-005-41884872_2026-06-19_17-11-35_616667.ts,s3://diageo-prod-global-dashcam-mc-nuc-video/cortexvpu-01a-005-41884872/cortexvpu-01a-005-41884872_2026-06-19_17-11-35_616667.ts,2026-07-02T20:39:11.499259
cortexvpu-01a-005-41884872_2026-06-19_17-12-50_033333.ts,s3://diageo-prod-global-dashcam-mc-nuc-video/cortexvpu-01a-005-41884872/cortexvpu-01a-005-41884872_2026-06-19_17-12-50_033333.ts,2026-07-02T20:39:25.273180
cortexvpu-01a-005-41884872_2026-06-19_17-13-05_933333.ts,s3://diageo-prod-global-dashcam-mc-nuc-video/cortexvpu-01a-005-41884872/cortexvpu-01a-005-41884872_2026-06-19_17-13-05_933333.ts,2026-07-02T20:39:39.814952
cortexvpu-01a-005-41884872_2026-06-19_17-14-59_173218.ts,s3://diageo-prod-global-dashcam-mc-nuc-video/cortexvpu-01a-005-41884872/cortexvpu-01a-005-41884872_2026-06-19_17-14-59_173218.ts,2026-07-02T20:40:05.116817
cortexvpu-01a-005-41884872_2026-06-19_17-16-55_270809.ts,s3://diageo-prod-global-dashcam-mc-nuc-video/cortexvpu-01a-005-41884872/cortexvpu-01a-005-41884872_2026-06-19_17-16-55_270809.ts,2026-07-02T20:40:20.352237
cortexvpu-01a-005-41884872_2026-06-19_17-18-51_254206.ts,s3://diageo-prod-global-dashcam-mc-nuc-video/cortexvpu-01a-005-41884872/cortexvpu-01a-005-41884872_2026-06-19_17-18-51_254206.ts,2026-07-02T20:40:44.655744
cortexvpu-01a-005-41884872_2026-06-19_17-20-47_222404.ts,s3://diageo-prod-global-dashcam-mc-nuc-video/cortexvpu-01a-005-41884872/cortexvpu-01a-005-41884872_2026-06-19_17-20-47_222404.ts,2026-07-02T20:40:59.194476
cortexvpu-01a-005-41884872_2026-06-19_17-22-43_254786.ts,s3://diageo-prod-global-dashcam-mc-nuc-video/cortexvpu-01a-005-41884872/cortexvpu-01a-005-41884872_2026-06-19_17-22-43_254786.ts,2026-07-02T20:41:26.522844
cortexvpu-01a-005-41884872_2026-06-19_17-24-39_157138.ts,s3://diageo-prod-global-dashcam-mc-nuc-video/cortexvpu-01a-005-41884872/cortexvpu-01a-005-41884872_2026-06-19_17-24-39_157138.ts,2026-07-02T20:41:48.472941
cortexvpu-01a-005-41884872_2026-06-19_17-26-35_394568.ts,s3://diageo-prod-global-dashcam-mc-nuc-video/cortexvpu-01a-005-41884872/cortexvpu-01a-005-41884872_2026-06-19_17-26-35_394568.ts,2026-07-02T20:42:13.739754
cortexvpu-01a-005-41884872_2026-06-19_17-28-30_933333.ts,s3://diageo-prod-global-dashcam-mc-nuc-video/cortexvpu-01a-005-41884872/cortexvpu-01a-005-41884872_2026-06-19_17-28-30_933333.ts,2026-07-02T20:42:28.393556
cortexvpu-01a-005-41884872_2026-06-19_17-30-24_298221.ts,s3://diageo-prod-global-dashcam-mc-nuc-video/cortexvpu-01a-005-41884872/cortexvpu-01a-005-41884872_2026-06-19_17-30-24_298221.ts,2026-07-02T20:42:58.635503
cortexvpu-01a-005-41884872_2026-06-19_17-31-26_650000.ts,s3://diageo-prod-global-dashcam-mc-nuc-video/cortexvpu-01a-005-41884872/cortexvpu-01a-005-41884872_2026-06-19_17-31-26_650000.ts,2026-07-02T20:43:10.993341
cortexvpu-01a-005-41884872_2026-06-19_17-31-37_650000.ts,s3://diageo-prod-global-dashcam-mc-nuc-video/cortexvpu-01a-005-41884872/cortexvpu-01a-005-41884872_2026-06-19_17-31-37_650000.ts,2026-07-02T20:43:36.227275
cortexvpu-01a-005-41884872_2026-06-19_17-33-19_933333.ts,s3://diageo-prod-global-dashcam-mc-nuc-video/cortexvpu-01a-005-41884872/cortexvpu-01a-005-41884872_2026-06-19_17-33-19_933333.ts,2026-07-02T20:43:50.760069
cortexvpu-01a-005-41884872_2026-06-19_17-35-13_190082.ts,s3://diageo-prod-global-dashcam-mc-nuc-video/cortexvpu-01a-005-41884872/cortexvpu-01a-005-41884872_2026-06-19_17-35-13_190082.ts,2026-07-02T20:44:11.711938
cortexvpu-01a-005-41884872_2026-06-19_17-35-41_933333.ts,s3://diageo-prod-global-dashcam-mc-nuc-video/cortexvpu-01a-005-41884872/cortexvpu-01a-005-41884872_2026-06-19_17-35-41_933333.ts,2026-07-02T20:44:26.204861
cortexvpu-01a-005-41884872_2026-06-19_17-37-36_223894.ts,s3://diageo-prod-global-dashcam-mc-nuc-video/cortexvpu-01a-005-41884872/cortexvpu-01a-005-41884872_2026-06-19_17-37-36_223894.ts,2026-07-02T20:44:49.696446
cortexvpu-01a-005-41884872_2026-06-19_17-39-32_294019.ts,s3://diageo-prod-global-dashcam-mc-nuc-video/cortexvpu-01a-005-41884872/cortexvpu-01a-005-41884872_2026-06-19_17-39-32_294019.ts,2026-07-02T20:45:04.519733
cortexvpu-01a-005-41884872_2026-06-19_17-40-13_666667.ts,s3://diageo-prod-global-dashcam-mc-nuc-video/cortexvpu-01a-005-41884872/cortexvpu-01a-005-41884872_2026-06-19_17-40-13_666667.ts,2026-07-02T20:45:26.602156
cortexvpu-01a-005-41884872_2026-06-19_17-40-49_666667.ts,s3://diageo-prod-global-dashcam-mc-nuc-video/cortexvpu-01a-005-41884872/cortexvpu-01a-005-41884872_2026-06-19_17-40-49_666667.ts,2026-07-02T20:45:34.893392
cortexvpu-01a-005-41884872_2026-06-19_17-41-05_666667.ts,s3://diageo-prod-global-dashcam-mc-nuc-video/cortexvpu-01a-005-41884872/cortexvpu-01a-005-41884872_2026-06-19_17-41-05_666667.ts,2026-07-02T20:45:46.391664
cortexvpu-01a-005-41884872_2026-06-19_17-41-12_666667.ts,s3://diageo-prod-global-dashcam-mc-nuc-video/cortexvpu-01a-005-41884872/cortexvpu-01a-005-41884872_2026-06-19_17-41-12_666667.ts,2026-07-02T20:46:01.493089
cortexvpu-01a-005-41884872_2026-06-19_17-41-52_666667.ts,s3://diageo-prod-global-dashcam-mc-nuc-video/cortexvpu-01a-005-41884872/cortexvpu-01a-005-41884872_2026-06-19_17-41-52_666667.ts,2026-07-02T20:46:24.586309
cortexvpu-01a-005-41884872_2026-06-19_17-42-28_666667.ts,s3://diageo-prod-global-dashcam-mc-nuc-video/cortexvpu-01a-005-41884872/cortexvpu-01a-005-41884872_2026-06-19_17-42-28_666667.ts,2026-07-02T20:46:38.943238
cortexvpu-01a-005-41884872_2026-06-19_17-43-49_666667.ts,s3://diageo-prod-global-dashcam-mc-nuc-video/cortexvpu-01a-005-41884872/cortexvpu-01a-005-41884872_2026-06-19_17-43-49_666667.ts,2026-07-02T20:47:02.683365
cortexvpu-01a-005-41884872_2026-06-19_17-44-25_666667.ts,s3://diageo-prod-global-dashcam-mc-nuc-video/cortexvpu-01a-005-41884872/cortexvpu-01a-005-41884872_2026-06-19_17-44-25_666667.ts,2026-07-02T20:47:21.174530
cortexvpu-01a-005-41884872_2026-06-19_17-44-57_933333.ts,s3://diageo-prod-global-dashcam-mc-nuc-video/cortexvpu-01a-005-41884872/cortexvpu-01a-005-41884872_2026-06-19_17-44-57_933333.ts,2026-07-02T20:47:31.314034
cortexvpu-01a-005-41884872_2026-06-19_17-45-00_933333.ts,s3://diageo-prod-global-dashcam-mc-nuc-video/cortexvpu-01a-005-41884872/cortexvpu-01a-005-41884872_2026-06-19_17-45-00_933333.ts,2026-07-02T20:47:39.731218
cortexvpu-01a-005-41884872_2026-06-19_17-45-04_933333.ts,s3://diageo-prod-global-dashcam-mc-nuc-video/cortexvpu-01a-005-41884872/cortexvpu-01a-005-41884872_2026-06-19_17-45-04_933333.ts,2026-07-02T20:47:53.393740
